v0,v_He,T,dt,L,F_C6H6
1157.752075195312,845.2466430664062,1272.932861328125,0.5748677849769592,30.67371559143066,40.97353544755055
773.891357421875,1319.69384765625,998.5636596679689,0.7469853162765503,88.0986099243164,43.36838387474225
1484.771484375,476.6818237304688,1201.20654296875,1.640939950942993,77.3763198852539,42.65283042988139
817.6823730468749,536.6492919921875,1123.279296875,0.7150681018829346,86.06807708740234,32.74564328622029
1162.728149414062,1262.031127929688,1256.587524414062,1.951356530189514,92.29306030273438,40.31262299934291
1271.024536132812,683.7975463867188,1083.92724609375,1.127582907676697,38.10055923461914,44.44565557447569
1157.183715820312,1013.554809570312,1028.289428710938,1.687877774238586,59.26460647583007,47.89493544100821
1332.481567382812,1492.660888671875,1234.656616210938,1.277892827987671,51.94039154052734,55.05992977896125
762.8516845703125,716.862060546875,1170.31103515625,0.6181827783584595,88.59571838378906,29.02527654507011
686.031494140625,479.9561157226562,1109.04248046875,0.8464067578315735,91.1405258178711,23.53993937448221
608.7789306640625,1379.94287109375,1324.334716796875,1.929068803787231,17.06919860839844,33.24834562620848
911.9994506835938,598.3753662109375,1185.800659179688,1.449954390525818,17.39630889892578,36.67090663306656
1415.208618164062,898.8286743164062,1264.154174804688,1.754922151565552,78.921875,43.5968702195811
1264.500244140625,866.7073974609375,1283.388061523438,1.877164840698242,67.97746276855469,37.94860363405988
698.6637573242188,616.8589477539062,1059.826538085938,1.517533302307129,77.88626861572266,24.23770205142835
1134.416381835938,516.4349975585938,1171.257934570312,1.352841377258301,37.39629745483398,37.19015291500245
577.8385009765625,524.5916748046875,1010.529968261719,1.244334936141968,81.05946350097656,23.13755122798025
680.3401489257812,1130.396606445312,1339.967163085938,0.7428545355796814,56.10567092895508,30.49095719988539
893.2438964843749,1236.100830078125,1032.430297851562,1.844847798347473,40.29777145385742,43.79894500413188
940.53076171875,1474.451782226562,1259.781005859375,1.818641662597656,68.3163070678711,34.27748814786139
947.180908203125,1210.363403320312,1016.7568359375,1.767346858978271,26.86439895629883,43.10303907560724
480.8328247070312,1016.429321289062,1320.435180664062,1.78964900970459,16.04484176635742,26.10091928926938
573.4464111328125,954.8633422851562,1025.506469726562,1.014315009117126,69.36642456054688,29.68564997035085
1330.719970703125,1222.227783203125,1009.291931152344,1.028346061706543,38.21504592895508,60.67462076485118
835.1871337890625,1035.349731445312,1206.223510742188,1.877432703971863,64.21128845214844,33.87543339653479
696.5000610351562,1006.746276855469,1296.151000976562,1.26388692855835,37.42924499511719,26.79878818205247
1468.356689453125,594.04345703125,1060.735961914062,1.954550266265868,25.26728439331055,50.49601990325523
1089.464477539062,1244.230590820312,1027.0615234375,1.66449248790741,34.29801177978516,51.66715527968466
776.4011840820312,923.5321044921875,1323.574096679688,0.5575979351997375,53.60371780395508,35.35681437964464
755.6419067382812,864.5259399414062,1133.836669921875,0.8395177721977234,85.44763946533203,33.34111278821366
603.0431518554688,579.7816162109375,1088.388061523438,1.895613193511963,71.36283874511719,18.73839788789285
1118.741943359375,675.72900390625,1327.755981445312,1.083737730979919,35.09185028076172,37.39064434462427
1330.413940429688,1092.963256835938,1094.894165039062,1.541884660720825,40.15105438232422,51.98840555552103
1179.015258789062,1405.053955078125,1090.057006835938,0.5259988307952881,22.05048942565918,30.61145851618886
786.0654907226562,459.9566345214844,1183.20654296875,1.795487403869629,81.38999938964844,20.35301527043949
1180.355590820312,554.1676635742188,1136.67138671875,1.23256778717041,40.66635894775391,39.63740496945796
647.6676025390625,774.6963500976562,1088.890869140625,0.6094251871109009,89.83074951171875,30.65026336829138
483.5755310058594,483.2054138183594,1199.060791015625,1.552185773849487,87.0510025024414,14.80709009612839
610.9354858398438,1114.635864257812,1070.39111328125,1.770552635192871,86.1530532836914,21.72156409284522
985.652099609375,503.0870056152343,1034.006103515625,1.825889945030212,29.90756988525391,34.31876486017745
629.9385375976562,499.3934936523438,1063.36328125,0.986106038093567,99.47633361816406,18.70445733280527
767.9708251953125,1219.594116210938,1278.599365234375,1.987035274505615,81.46630859375,21.10503057766842
579.3424072265625,1295.863525390625,1079.463623046875,1.47576642036438,76.90853881835938,22.63978963583981
899.0771484374999,1104.411376953125,1285.645874023438,0.9964209198951721,83.86225128173828,37.56959201971163
770.2350463867188,1167.393310546875,1265.650024414062,0.5200502276420593,43.06395721435547,34.55200758718028
627.1907958984375,653.2752075195312,1320.292358398438,1.020239353179932,17.11371231079102,24.70279083464384
691.1934814453125,1085.471557617188,1152.65625,0.7898736596107483,90.21624755859375,28.50133486278589
503.0671081542969,563.3555908203125,1246.37158203125,1.677291393280029,65.36920166015625,15.74505372496948
941.2533569335939,838.8524780273438,1316.198852539062,1.899675846099854,22.62324905395508,31.04909410590949
711.0866088867188,1172.65966796875,1027.560668945312,1.294810771942139,10.5856876373291,42.43278054797051
871.1720581054686,1175.152099609375,1148.587524414062,0.5762453675270081,45.22067642211914,40.62841273332553
518.5838623046875,1094.415893554688,1339.339233398438,0.9159866571426392,88.22013854980469,20.77068648070388
937.1177368164062,599.05078125,1079.781372070312,1.924576282501221,48.91175079345703,30.44575880445209
1289.302734375,1075.85107421875,1283.425537109375,1.833457231521606,97.28231048583984,35.4549397028001
596.1951293945312,1246.774658203125,1100.541259765625,1.345187187194824,55.5177001953125,30.16324575755608
1395.26220703125,1492.21826171875,1315.932861328125,0.6259651184082031,54.3737678527832,56.74453071493779
1220.843139648438,475.8101196289062,1246.743041992188,1.788742542266846,94.79551696777344,31.33930657001048
1097.6484375,865.7021484375001,1255.812255859375,1.796170234680176,23.62777900695801,40.92052607087018
591.4467163085938,1404.733520507812,1095.02001953125,0.8820247054100037,29.95455169677734,38.07636847743299
453.1153564453125,897.0425415039064,1196.412963867188,1.925926446914673,76.60049438476562,11.65791953875326
1312.626220703125,1320.309814453125,1027.402465820312,0.7242811322212219,15.97273254394531,44.79611227705553
894.9555664062499,1100.64794921875,1089.021728515625,1.699066638946533,93.32305145263672,31.51655041520016
975.788818359375,1307.928100585938,1196.349853515625,1.845159530639648,17.9571590423584,45.3004652484111
1466.447387695312,762.744384765625,1001.118103027344,1.097536563873291,22.58635139465332,54.7154645804929
696.501953125,1464.927368164062,1189.565185546875,1.403838396072388,54.09712600708008,34.63842924983954
632.7252807617188,522.6918334960938,1042.791381835938,1.446199297904968,49.65243530273438,22.32441359145067
1260.890380859375,924.5302734375,1193.213134765625,1.556281566619873,64.49105072021484,39.2828505289683
1123.452758789062,971.3409423828125,1339.117553710938,1.232911825180054,57.40874099731445,39.10486672662772
893.4301147460938,718.1271362304688,1280.14013671875,0.530329167842865,45.06492614746094,30.91719572118468
1453.646240234375,947.4249877929686,1096.474975585938,1.454542398452759,28.78931427001953,56.64350642269581
796.464599609375,686.2510375976562,1298.133056640625,1.683452486991882,47.01357269287109,26.82468007149863
1457.330078125,1169.250854492188,1150.578491210938,1.899917840957642,52.71592712402344,53.64162136961053
1081.601196289062,1297.763671875,1064.638549804688,0.5729276537895203,93.84825897216797,54.31834833563933
1141.310668945312,621.00439453125,1089.833740234375,1.710192918777466,51.72618103027343,35.47812133902902
1033.548095703125,953.8927612304688,1329.0390625,1.912868618965149,85.01602935791016,29.94734342334631
641.0711059570312,752.193603515625,1310.181762695312,1.381925821304321,75.02611541748047,18.27123942200121
1390.04931640625,1065.773193359375,1043.874267578125,0.7145795822143555,38.66301727294922,57.31137277316944
920.41162109375,731.919189453125,1297.315551757812,1.913241386413574,90.13219451904297,22.97381235870358
1386.432250976562,860.0070190429686,1268.42919921875,1.623451709747314,80.3143310546875,40.53663156904604
563.1182861328125,905.2813110351562,1293.683959960938,0.7919403910636901,72.13373565673828,23.2765972707632
648.707763671875,1392.04296875,1154.055541992188,1.685793876647949,76.81646728515625,23.9782425700202
1025.734497070312,608.2301025390625,1190.10693359375,1.128437042236328,34.5456657409668,37.52331358792205
1176.07177734375,1208.622192382812,1253.23095703125,1.512863993644714,54.47923278808594,45.0835923355156
952.9885253906251,509.501953125,1204.583251953125,1.413414001464844,66.7276382446289,25.05544231494555
590.2887573242188,668.1740112304688,999.1067504882812,1.833789229393005,59.54555130004883,24.99888903114589
959.6744384765625,1335.625610351562,1129.3681640625,1.354914903640747,87.3659896850586,43.20601251343811
629.3740234375,916.1622314453124,1317.098388671875,1.18819797039032,52.45203018188477,26.7823581077734
1465.897216796875,1200.601928710938,1027.380493164062,1.123188495635986,10.70120429992676,58.65007998535772
1396.277954101562,691.3339233398438,1225.930053710938,1.001958131790161,74.85419464111328,41.46839999989884
1342.74658203125,939.8577270507812,1275.683349609375,1.725303173065186,43.49219512939453,46.84835581592282
1143.85302734375,1157.003295898438,1321.85791015625,1.949149250984192,15.09533882141113,45.50826326303606
492.6999206542969,1304.95361328125,1318.342651367188,1.723167181015015,35.26330947875977,25.85564911293282
614.8872680664062,1144.176513671875,1175.734741210938,0.8915740847587585,76.43759155273438,29.21281651193985
1426.024658203125,1083.580322265625,1004.841613769531,1.505479574203491,45.11218643188477,61.41706896652211
1339.952880859375,896.9850463867188,1037.094604492188,1.099366426467896,35.54255676269531,55.3855843568488
1439.214721679688,610.5886840820312,1271.18115234375,1.268529057502747,19.89092445373535,47.43676312715537
528.0651245117188,525.3125,1106.38525390625,0.582688570022583,61.99665832519531,21.82392133660766
688.128173828125,984.43603515625,1078.644165039062,0.9030056595802307,18.29924774169922,40.68350398829995
557.7060546875,698.3468017578125,1289.279174804688,1.899009704589844,98.79705810546875,12.647411297834
978.3520507812501,832.599609375,1038.533813476562,1.350164651870728,17.58025550842285,44.8231552100437
1166.4296875,861.1791381835938,1333.719116210938,0.9323810338973998,81.09842681884766,41.28439831794063
959.218994140625,757.3385620117188,1269.342163085938,1.037323474884033,50.10652542114258,30.95703162136744
944.676025390625,1486.719360351562,1203.0498046875,1.79890763759613,83.6698226928711,32.89308151670041
917.67724609375,1348.22265625,1244.769653320312,1.249671936035156,53.20410919189453,42.21139168291758
1460.301391601562,684.6180419921875,997.4061279296874,1.756678104400635,34.37312698364258,51.05618086311152
459.2948608398438,1066.343505859375,1191.213500976562,1.433786392211914,94.18795013427734,18.18914514229468
1181.378540039062,1258.571044921875,1107.324096679688,1.388776779174805,36.14422225952148,52.27769291616605
1460.12353515625,752.3411865234375,1039.02734375,0.6478047370910645,49.17162322998047,53.70278706290951
1023.609924316406,1211.079956054688,1158.66845703125,1.916690587997437,68.17010498046875,41.8172623793768
1224.628784179688,930.7578735351562,1086.202026367188,1.908016681671143,18.48362350463867,53.50010734165791
663.1336669921875,1133.317504882812,1000.062866210938,0.99893718957901,66.22956085205078,38.93874264619494
483.46337890625,1081.342041015625,1248.334594726562,1.178548455238342,91.70140838623047,18.84663330763964
870.3126220703124,680.34375,1237.339233398438,1.869172215461731,96.6882553100586,21.26168139661423
1007.719116210938,1213.150390625,1028.82275390625,0.7889490127563477,79.88082885742188,52.07387212421565
1061.077392578125,1035.136962890625,1165.058471679688,1.618961572647095,11.96554374694824,46.65261859379059
661.3255004882812,562.758056640625,1302.224487304688,1.514840841293335,47.72600936889648,22.07819083724709
1149.542236328125,481.9783630371094,1008.724975585938,1.828716516494751,22.06255912780762,42.97851501342835
612.8912963867188,1315.8203125,1344.375122070312,1.425644397735596,26.18416976928711,30.99443461728513
1445.185424804688,978.9915161132812,1141.954345703125,1.890471935272217,83.58228302001953,47.67725160568239
578.5549926757812,1468.402099609375,1177.457641601562,0.9845510721206665,58.25200653076173,34.33567768639477
694.8598022460938,885.3557739257812,1260.7802734375,1.607701063156128,68.2782211303711,23.70428424407396
748.1344604492188,573.0760498046875,1328.485229492188,0.8988296389579773,13.34958553314209,24.74846785852888
623.3474731445312,858.4370727539061,1018.208312988281,0.7151035070419312,40.50928115844727,33.84707907058008
1414.351806640625,616.57763671875,1244.516967773438,1.420111894607544,68.10516357421875,43.73121722794437
1215.800903320312,1227.92431640625,1022.255981445312,0.5570607781410217,54.02316284179688,55.34180223830094
682.8060913085938,1142.078125,1137.435668945312,1.743833780288696,15.32510757446289,37.09199678848528
967.8484497070312,936.4567260742188,1317.56689453125,1.122819423675537,34.576416015625,36.18145833845126
839.0689086914061,1114.173828125,1082.7998046875,1.582788944244385,25.74541473388672,45.34213555022041
1482.56298828125,1438.62548828125,1255.99755859375,0.6204724907875061,33.95502471923828,53.01138715196431
1427.570068359375,1297.600830078125,1318.118286132812,1.674050092697144,25.89373016357422,55.54018536071464
493.2897033691407,1463.857177734375,1250.201782226562,0.8830620050430298,59.54230880737305,26.09599205460058
1217.907470703125,610.9227294921875,1338.31689453125,0.9554292559623718,67.73504638671875,36.92501022340394
851.7071533203126,1162.53564453125,1049.168090820312,0.7669767141342163,49.31240844726562,43.10349456027704
1443.037963867188,849.3994140625,1003.389099121094,1.585341453552246,35.79737854003906,56.40075065512292
866.94873046875,1031.765502929688,1044.015869140625,1.847435235977173,30.77450180053711,39.10171329978521
1428.534912109375,711.3842163085938,1176.072998046875,1.577804207801819,11.19846439361572,52.15674155937542
1034.55078125,590.5263061523438,1034.407348632812,1.531548738479614,34.90875244140625,39.27837618279043
640.1741333007812,986.2354736328125,1202.2607421875,0.9082728028297425,57.85663986206055,28.48405823530397
704.0506591796875,1352.808349609375,1111.722778320312,0.7214603424072266,72.0220947265625,39.50580813357524
1140.972900390625,571.2781982421875,1309.90380859375,0.8856582045555115,87.93130493164062,30.8213995655468
1186.431884765625,1067.655395507812,1089.36962890625,1.708875179290771,41.17612075805664,45.34198585218645
702.8125,745.234375,1331.107177734375,0.625484824180603,54.72005081176757,28.05462759503395
681.6715698242188,1104.75390625,1202.603515625,1.257312774658203,83.2422866821289,26.63971105019329
559.8661499023438,644.4105224609375,1294.784912109375,1.024257779121399,79.95999145507812,19.13589234155765
945.9904174804688,831.898681640625,1107.004028320312,1.149937868118286,13.29601669311523,46.2817467030482
1120.590087890625,1179.4033203125,1231.751342773438,1.14482569694519,22.42759704589844,50.68063454160778
1238.0302734375,1206.47705078125,1053.795532226562,1.277909636497498,41.67538452148438,53.71000389505895
1133.1953125,1396.394409179688,1233.632202148438,0.5014973878860474,14.28900241851807,21.63980383168487
512.6945190429688,1004.984802246094,1140.357421875,1.542078733444214,70.3795166015625,17.07885946486563
533.4661865234375,813.2770385742188,1280.30078125,1.907666683197021,49.73414611816406,16.80041973385203
1456.733276367188,1016.825378417969,1068.874877929688,1.402905225753784,52.04047393798829,55.94333170023941
1231.69189453125,831.57861328125,1050.7802734375,1.677370786666869,29.02973556518555,52.04260646380654
1340.185424804688,1282.7822265625,1310.62158203125,1.53899884223938,11.10178756713867,52.86384194892071
1403.694091796875,1353.071166992188,1196.722045898438,1.757281303405762,28.43073463439941,56.53363873078744
594.5316162109375,950.7547607421875,1026.628295898438,0.5631327629089355,36.26081085205078,33.77618226194016
1010.694763183594,1090.701416015625,1019.009765625,1.275866150856018,27.63793754577637,48.15558355789101
1216.224975585938,1033.91748046875,1272.148071289062,1.199388146400452,91.02364349365234,42.36830022556067
554.7999877929688,1047.92138671875,1087.616943359375,1.772637724876404,84.51534271240234,17.25260303246749
834.67822265625,1005.868835449219,1163.309204101562,0.5077222585678101,85.72320556640625,35.14794141832233
1207.9541015625,1144.299682617188,1118.535400390625,1.988157868385315,24.54817199707031,50.66354448082363
626.68359375,1159.120239257812,1264.525512695312,0.9058391451835632,63.9273796081543,27.77385735508512
524.7435913085938,1380.472534179688,1133.061279296875,0.897870123386383,88.28247833251953,30.98962784359588
1321.079223632812,846.8653564453126,1064.653930664062,1.221529960632324,16.62228775024414,55.58404516609761
644.2931518554688,985.5599365234376,1270.724975585938,1.79942798614502,69.6480484008789,20.93399644944518
825.0262451171874,513.5715942382812,1272.597534179688,1.690608263015747,33.16269683837891,23.36717934686114
1431.039428710938,712.98828125,1248.893920898438,1.880382299423218,19.81855773925781,48.84007025211951
1434.975952148438,1134.00146484375,1051.55029296875,1.434481859207153,18.92647743225098,61.02420462016228
1110.14013671875,764.478271484375,1095.576416015625,1.277663946151733,52.7590675354004,37.73006840214789
1028.724975585938,1202.99560546875,1258.003051757812,0.5880717635154724,35.3632698059082,44.10540299901125
542.171630859375,888.5790405273438,1229.557250976562,0.5418392419815063,33.07361602783203,27.70873721359579
516.990478515625,934.7360229492188,1117.124755859375,0.709937572479248,40.71979141235352,30.56075947190246
1328.84716796875,477.7623901367188,1051.72900390625,1.241384267807007,27.33998870849609,46.1866649006126
565.3472900390625,936.6400756835936,1170.055786132812,1.816087245941162,94.79821014404297,17.7548466028337
1008.844787597656,982.2033691406251,1264.818603515625,1.488778591156006,97.40071105957031,29.84579503532354
1038.654174804688,579.28369140625,1249.927612304688,0.8932198882102966,98.3826675415039,28.8924594458256
726.2598876953125,491.7673950195311,1231.199340820312,1.767144560813904,44.52432250976562,23.36728792877516
1432.12060546875,1242.100952148438,1175.033569335938,0.7393099069595337,51.1622314453125,57.25277310939646
1362.824462890625,927.412841796875,1308.630493164062,1.07306182384491,51.0478401184082,44.68890886735116
1429.915649414062,1066.730102539062,1070.407836914062,1.887582063674927,93.08558654785156,47.74191579740867
1098.207763671875,1173.901489257812,1128.024780273438,1.533958911895752,27.39349174499512,49.32545132952472
1354.75830078125,645.9360961914062,1092.82763671875,1.689362287521362,58.31243133544922,43.15058227636999
1365.019653320312,498.3486938476562,1086.523559570312,1.772354602813721,54.93295669555665,39.26273550520499
738.9874267578125,460.2624206542969,1337.175048828125,1.829182624816895,27.81537246704102,20.9301341812727
1327.8515625,625.0947265625,1300.303466796875,1.324057102203369,14.64083290100098,38.76471102953553
1181.977294921875,1115.974731445312,999.4551391601564,1.160472393035889,80.73138427734375,51.47620142744499
1476.221069335938,488.8907470703125,1205.910766601562,1.264393091201782,28.77778053283691,42.20220716803455
1222.049560546875,1149.758178710938,1008.493408203125,1.517410278320312,70.37525939941406,48.38655497641653
1427.368774414062,657.1624755859375,1199.02783203125,0.9674877524375916,67.2526626586914,45.38918886213523
1182.992553710938,1376.745239257812,1239.219970703125,1.785016536712646,72.6667251586914,41.32440946864315
897.0929565429688,1389.003784179688,1139.789306640625,1.34149956703186,70.92354583740234,43.01444258192675
790.0308837890625,1252.053466796875,1247.765380859375,1.378302216529846,26.71420669555664,35.91570524793592
624.3035278320312,985.1221313476562,1066.854248046875,0.5418885946273804,49.18671798706055,34.90120913005579
628.728271484375,950.0101318359375,1011.943481445312,0.8137283325195312,35.05841827392578,35.22070117873056
507.8764953613281,1150.899536132812,1121.5732421875,1.604919195175171,83.19619750976562,16.22326696875101
463.9168701171875,1491.488525390625,1083.782104492188,0.8741883635520935,93.9576187133789,26.77636975783109
1198.364990234375,569.8126220703125,1120.199462890625,0.5248138308525085,11.70285987854004,18.32796789968929
858.3040161132812,878.5072631835938,1116.222900390625,0.8443117737770081,60.84983444213867,37.76497468763241
1297.241455078125,1278.254638671875,1231.406982421875,1.100946664810181,28.26725959777832,56.5182088694509
1192.638549804688,982.8525390625,1298.14697265625,0.6715496182441711,80.24198150634766,47.26663074255552
837.207275390625,1271.299438476562,1286.779541015625,0.8660249710083008,24.70690536499023,43.34524751874583
519.2359008789062,890.7684936523438,1004.496398925781,1.702247619628906,59.11662292480469,21.72280652064831
679.3099975585938,997.6024169921875,1067.193725585938,1.565971732139587,31.14121437072754,33.3019423284419
739.4201049804688,530.41845703125,1058.8330078125,0.8565907478332518,33.29209899902344,31.99463016589532
785.0426025390625,1299.364501953125,1153.989379882812,0.9058330655097961,75.90365600585938,38.74883617726551
1474.031005859375,1222.5986328125,1101.769897460938,1.945368528366089,38.53948593139648,60.12837325116979
867.7630615234374,1483.023681640625,1323.88916015625,1.205685377120972,63.67603302001953,33.90500011230606
941.5511474609375,551.3216552734375,1041.301391601562,1.363080739974976,30.48808670043945,35.33326379734471
485.9058227539062,931.9646606445312,1089.32275390625,0.8597149848937988,82.14661407470703,21.33096790570971
1483.218994140625,1047.555053710938,1325.510009765625,1.346873044967651,95.32173156738281,45.40910762093803
1208.12939453125,1385.465942382812,1296.394775390625,1.991055250167847,43.70572280883789,45.69804355054806
717.18310546875,808.08203125,1240.996459960938,0.6236602067947388,95.81004333496094,29.26818992372913
1099.331787109375,1103.006591796875,1172.49365234375,0.9116117954254149,29.71005249023438,48.88744622652519
1252.965209960938,1291.865234375,1124.30224609375,0.9721317291259767,82.8284683227539,53.70940900649335
668.2440795898438,1403.5390625,1186.470092773438,1.348515033721924,60.35469818115233,30.94222284168436
862.5398559570312,519.0396118164062,1263.257202148438,0.6536099314689636,77.95032501220703,25.67253555823186
1421.366577148438,539.66845703125,1097.728515625,0.7573688626289368,39.43813323974609,47.50569101886833
685.8855590820312,490.1843872070312,1109.776977539062,0.843263566493988,44.16650390625,25.67880974295583
1119.86669921875,1362.416625976562,1208.067138671875,1.715468049049377,87.23954010009766,40.69993097355157
886.210693359375,540.0001831054688,1062.758911132812,1.186811208724976,74.82279968261719,34.29353550392076
1269.103271484375,1417.773803710938,1293.872436523438,0.7298193573951721,10.36601448059082,27.40827210414941
1223.905029296875,1106.656494140625,1319.127197265625,1.133562564849854,56.19046020507812,42.16610529930742
456.6961975097656,910.7278442382812,1105.19580078125,1.149298071861267,55.34719467163086,21.10695231163834
1035.248657226562,539.9036865234375,1151.1103515625,1.417242169380188,93.02053833007812,29.1641395326414
964.0979614257812,671.0037231445312,1010.373229980469,1.58465564250946,62.66276931762695,35.79711135452935
1085.10546875,1472.754516601562,1265.430786132812,1.758088111877441,64.37564849853516,38.56575246769278
1148.530517578125,705.8088989257812,1241.445556640625,1.365262746810913,85.94613647460938,34.20903589025613
877.01513671875,560.27392578125,1193.265502929688,1.210506081581116,82.35611724853516,26.90305328283993
1254.453247070312,1399.610595703125,1270.5458984375,0.6341462135314941,31.4667911529541,47.74101536219548
704.6093139648438,1109.900634765625,1121.843627929688,1.455762386322021,72.52921295166016,27.7637437928554
587.580322265625,1275.446655273438,1077.736083984375,1.96320903301239,30.23094749450684,32.27991291870181
1237.218994140625,642.14697265625,1298.293334960938,1.257915258407593,96.3321533203125,31.42502957974002
543.3240356445312,1350.443725585938,1222.192749023438,1.561319351196289,20.40741157531738,31.57189294811936
1016.221130371094,712.9923095703125,1104.55615234375,1.241086483001709,43.98830795288086,36.8779840181814
555.9277954101562,527.8027954101562,1147.970825195312,1.348646640777588,12.74731159210205,24.76129358922695
972.3706665039062,1284.711181640625,1209.760986328125,1.902852892875671,90.57335662841797,30.15588541101437
1394.915283203125,929.0086059570311,1110.9912109375,0.6071385145187378,72.68318939208984,55.34371868266803
773.0826416015625,1439.822998046875,1135.012329101562,0.7734494209289551,22.94551086425781,46.78489041466632
1154.074096679688,792.0706787109375,1309.482177734375,0.5968686938285828,41.34104537963867,35.37526585085185
683.1350708007812,1230.383544921875,1344.566650390625,0.6543341279029846,95.91812896728516,30.3427518365562
821.7080078125001,1447.707641601562,1267.298706054688,1.024609327316284,86.3376235961914,36.60620788524604
981.0171508789062,617.6900634765625,1070.072265625,0.5902105569839478,18.78305435180664,30.44892470072659
970.3660888671875,457.0220336914062,1079.038818359375,1.390724182128906,90.77259063720703,28.17302000049279
1235.529541015625,779.1874389648438,1044.685180664062,0.7342206835746765,22.99345779418945,47.07456324668156
686.1209716796875,1467.18115234375,1279.974609375,0.6563504338264465,31.55300903320312,37.22523428123561
1145.635864257812,837.8500976562499,1214.947021484375,1.230847835540771,71.38201141357422,37.73775943177881
904.5807495117188,877.7384643554689,1269.461669921875,1.005645394325256,61.43867492675781,29.72814680628536
1257.750244140625,614.914794921875,1154.691528320312,0.8633381128311157,42.34980010986328,45.62380070280842
788.3330688476562,1212.447021484375,1303.607666015625,1.107350468635559,47.36523056030273,36.77903012230606
505.29248046875,831.8366088867186,1294.212158203125,1.981101274490356,55.55760955810547,13.83554794033182
578.2677001953125,777.139892578125,1192.624633789062,0.9528979659080505,97.33954620361328,17.58531311807661
1093.746215820312,542.7666625976562,1161.917236328125,0.7022988200187683,87.58521270751953,36.46764397409693
1475.705322265625,844.5523681640625,1317.081665039062,1.760354518890381,36.08888244628906,45.42543898346957
953.4569091796875,592.9655151367188,1114.735229492188,1.623651266098022,91.60895538330078,28.62590347324801
1126.15380859375,459.8811645507812,1280.3076171875,1.242853164672852,70.84912109375,30.40818764813169
538.7715454101562,986.2418823242188,1203.725341796875,1.961681246757507,62.59280776977539,19.57215106476244
814.7398071289062,1197.857666015625,1181.399291992188,0.608539879322052,94.25578308105469,39.16923766719482
772.7737426757812,1397.955932617188,1267.166381835938,1.026088714599609,27.67789268493652,39.39006424575838
648.5299682617188,947.0862426757811,1074.525634765625,1.791900873184204,75.18217468261719,21.03382827207122
724.6632690429688,1318.357299804688,1268.06494140625,1.407366752624512,58.17013549804688,27.85452611365503
907.0165405273438,668.3485107421875,1024.199096679688,1.07880711555481,99.67194366455078,33.37341149869293
1316.682739257812,1286.241455078125,1135.00390625,0.6566783785820007,64.0036392211914,55.08433287603351
1121.474243164062,519.4126586914062,1130.516357421875,1.555878162384033,74.11488342285156,32.44316584486942
722.2348022460938,950.7129516601562,1075.858520507812,1.102313995361328,43.03699493408203,33.26844293750328
1437.16943359375,511.6893005371094,1080.852416992188,1.113375902175903,69.4545669555664,45.45297469090818
988.0439453125,1127.317504882812,1243.456176757812,1.165371417999268,45.72808456420898,36.8476857496351
773.68896484375,476.7137145996093,1300.325561523438,1.311748385429382,44.09405136108398,23.78916684324586
955.75927734375,1249.321899414062,1184.860961914062,1.382953524589539,54.85429000854493,41.69681845513912
1407.751342773438,1048.947021484375,1232.432373046875,0.6687318682670593,37.06561279296875,51.37692504567136
1148.519897460938,780.210693359375,1072.894653320312,0.690420925617218,98.29706573486328,42.37303966832181
1307.388305664062,1079.440185546875,1248.826171875,1.437129855155945,65.4018783569336,45.30533500050632
1334.461791992188,529.4960327148438,1015.17822265625,1.215089797973633,15.30636405944824,49.93799289879979
627.1949462890625,1114.564819335938,1277.919555664062,1.537229895591736,73.10964965820312,16.58379703109201
852.4501953125,653.3054809570312,1135.974243164062,0.8118709921836853,76.60650634765625,34.76898137004143
1093.565795898438,476.7203674316407,1324.344116210938,0.7424709796905518,99.94660186767578,31.22430514513171
1144.351684570312,482.1180725097657,1285.942016601562,1.709783554077148,65.92169952392578,29.25506595290174
1477.4228515625,1201.86181640625,1234.980346679688,1.280640482902527,31.10420036315918,56.7058862183748
1363.582397460938,1368.112426757812,1289.288330078125,1.455594182014465,23.2341365814209,57.19390445313587
469.9824829101562,551.7277221679688,1198.229125976562,1.319427728652954,91.8056869506836,12.76681460575695
840.1926879882814,1416.686645507812,1026.713623046875,1.635278463363647,52.22849655151367,38.97445870115576
1181.55224609375,569.7999877929688,1174.373657226562,0.9942703247070312,43.6925048828125,43.42115338629286
1422.303588867188,1413.685546875,1344.282836914062,1.368536949157715,14.69479942321777,57.03446525535927
980.5640258789061,591.6493530273438,1208.925048828125,1.874803304672241,99.58626556396484,27.80159115097066
1336.027221679688,1345.065673828125,1128.872314453125,0.7554019093513489,61.46484375,57.7029593254273
1492.725463867188,1073.2744140625,1220.953125,0.855050802230835,48.74345779418945,58.94228001791542
701.73876953125,1159.52001953125,1269.86083984375,1.302273750305176,11.30116081237793,37.07634948715956
788.631103515625,879.0626220703125,1041.668701171875,0.9486486315727233,69.4511489868164,35.66223722949778
658.593994140625,1273.004150390625,1164.062377929688,1.304902791976929,14.09889793395996,37.01654893176859
1074.8583984375,1341.27197265625,1199.943725585938,0.8113788962364197,27.32524681091309,52.18273140578142
680.082763671875,671.2457885742188,1301.810791015625,1.275241017341614,49.76812744140625,24.41178087557837
1013.586730957031,473.9992980957031,1104.71630859375,1.247257947921753,86.80059051513672,33.2727770080802
1365.135864257812,1128.77685546875,1065.072387695312,1.73631739616394,10.23150634765625,59.72475139438872
1088.879272460938,805.12548828125,1305.373901367188,1.030743360519409,12.01246166229248,37.23278524061749
1141.301391601562,1264.578369140625,1071.8671875,1.961550354957581,87.4012680053711,46.84231520689132
1145.098510742188,1256.133178710938,1070.81396484375,1.845375299453735,58.95828628540038,45.14349527106083
519.692626953125,1343.224609375,1307.69677734375,1.214733123779297,95.6226806640625,17.78976327259356
681.7781982421875,1443.058349609375,1222.637573242188,0.7684792876243591,16.22613716125488,38.19228171812532
628.1026611328125,1326.248168945312,1044.500244140625,0.9640026688575745,14.88004302978516,41.35589991711917
846.0517578125,997.8687744140625,1098.556396484375,1.460559129714966,41.00267791748047,38.45761725940893
1247.678344726562,591.79443359375,1001.606689453125,1.247098565101624,33.98095321655273,45.61347453058558
1056.011840820312,535.95068359375,1282.583618164062,1.125277638435364,81.8897476196289,30.7106031849968
741.0703735351562,1279.947021484375,1334.231811523438,0.9002971649169921,18.93570327758789,34.2948900221153
1282.69482421875,1458.429565429688,1171.731323242188,1.006119728088379,42.79707717895508,61.65134055235161
859.3550415039064,1051.599487304688,1326.780395507812,0.6450338363647461,71.36268615722656,34.71135715144208
1042.027221679688,691.3534545898438,1070.715454101562,1.11784040927887,54.36601257324219,37.3629101935688
1147.949340820312,1199.643920898438,1070.424072265625,1.954671859741211,85.70108032226562,43.28774129223765
621.845703125,866.6763305664062,1031.660766601562,1.118773698806763,23.61650276184082,32.36842782634594
549.2473754882812,495.4632873535156,1256.14501953125,1.972461223602295,10.59199523925781,18.5796062261398
1195.946655273438,1490.75244140625,1317.221435546875,0.9163534045219421,98.74565124511719,43.53908986023106
866.7712402343749,475.8359069824219,1042.885498046875,0.7127451300621033,82.485107421875,31.88639045210878
1238.087890625,1115.881103515625,1074.704956054688,1.054056167602539,73.66458892822266,50.36256622795551
541.8486938476562,1360.061767578125,1109.095458984375,1.803152561187744,79.54957580566406,20.45666838334867
1427.301025390625,858.0120849609376,1149.547973632812,0.5809036493301392,45.24717712402344,52.81619699305605
934.956298828125,1339.214965820312,1326.486694335938,1.410934448242188,50.60874176025392,35.77515316153924
1483.72509765625,650.7420043945312,1104.47314453125,0.9238752126693726,66.64635467529297,48.29445427820589
639.4256591796875,1250.919555664062,1277.110107421875,0.7891773581504822,88.21026611328125,27.83939222184741
1381.576049804688,1098.776611328125,1114.693603515625,1.320944428443909,36.58667755126953,56.27421724723767
1459.613525390625,1087.801025390625,1030.337158203125,1.074724078178406,50.50262069702147,60.82831578882509
1402.029296875,1411.8056640625,1084.354370117188,1.344914436340332,10.4418773651123,62.53467364378464
1048.558349609375,729.1246948242188,1085.57568359375,1.974266171455383,48.80878448486328,36.39426428565245
1338.8017578125,515.7500610351562,1094.594604492188,0.8093870878219604,89.99584197998047,42.54086735269109
1433.950073242188,1487.17138671875,1033.6845703125,0.9161635041236879,85.74199676513672,63.77630635961516
1174.992553710938,1099.157104492188,1276.452270507812,0.8554844260215759,18.92351531982422,42.91914952093872
1269.0771484375,1390.942260742188,1309.259643554688,1.627338409423828,99.87892150878906,41.49944546569202
1072.164794921875,526.8535766601562,1254.93310546875,1.389565706253052,25.50069999694824,32.68075909792497
451.7403564453125,879.35205078125,1106.80712890625,1.094103574752808,90.33677673339844,15.33552561137903
1356.917846679688,801.374755859375,1283.75732421875,1.305660843849182,18.66377067565918,46.57547729584431
1195.713012695312,1145.961059570312,1012.783813476562,1.724714756011963,64.10446166992188,48.8533289925747
525.9134521484375,866.8185424804686,1098.845825195312,0.800308346748352,77.90663146972656,28.77712459164232
1140.200439453125,1318.767578125,1038.4111328125,0.7209292650222778,72.1253890991211,54.04636421879535
1399.591918945312,1310.732788085938,1119.97021484375,1.1385178565979,15.38477039337158,62.71929275120853
466.7190551757811,825.7490844726564,1093.14404296875,0.6977880597114563,47.86687850952148,26.59845686860457
1102.9814453125,1082.558349609375,1088.751953125,1.394567012786865,24.64446449279785,47.56104060106713
1371.228149414062,1081.307006835938,1096.461181640625,0.6880108714103699,97.79193115234375,55.98721411520559
1339.779541015625,797.4862670898438,1026.834228515625,0.6622689962387085,14.94193840026855,34.85751185193758
1355.293334960938,966.8878784179688,1094.569091796875,1.789880037307739,94.06307220458984,39.2619472720534
1273.2177734375,859.0693969726562,1277.647705078125,1.248686552047729,43.44610595703125,44.56833286585743
742.5844116210938,1112.445434570312,1192.869140625,1.243358135223389,18.1943416595459,34.58162551037065
615.349853515625,1115.015747070312,1252.983276367188,0.899834930896759,93.0383071899414,26.00766192287941
1133.735473632812,567.7672119140625,1161.689697265625,1.900277137756348,26.69626808166504,36.21518056658611
1357.433227539062,561.5159912109375,1121.263061523438,0.8658921122550964,77.74056243896484,47.00126864560241
1214.90625,924.6512451171874,1303.943481445312,0.6631128191947937,61.7943458557129,45.73379766826093
483.3775024414062,1444.328735351562,1175.121704101562,0.7245545387268066,72.15200805664062,27.94810967891831
1182.612670898438,1354.481811523438,1137.69580078125,1.339870810508728,26.57148170471191,54.20679853282545
682.1635131835938,469.8500366210938,1266.66845703125,1.671344637870789,20.30476760864258,20.65224947542797
1209.730590820312,1484.954833984375,1334.3720703125,1.491717100143433,13.05196762084961,52.73965284332498
1248.60400390625,472.8464965820311,1158.881469726562,1.77446436882019,27.55054092407227,38.67040625816615
611.7713623046875,490.4538574218751,1263.555419921875,0.5636661648750305,30.88569641113281,22.10428829573811
818.9588623046875,845.7684936523438,1326.900024414062,1.830861687660217,95.60684967041016,21.66916637753692
1459.043701171875,982.3071899414062,1073.951416015625,0.837530255317688,87.70462799072266,56.56821014023315
993.8529663085938,906.4519042968749,1186.918579101562,0.9504124522209167,37.57981491088867,41.31337217692581
592.4140014648438,1249.32080078125,1116.09326171875,1.745907545089722,76.1576919555664,21.78514866036582
1317.94287109375,776.4226684570312,1319.903076171875,1.251941561698914,24.44438171386719,41.43775247109802
694.225341796875,666.1005859375,1328.975463867188,1.970926642417908,53.94579696655273,22.70648068839244
737.2803344726562,1044.904296875,1199.15673828125,1.047480821609497,11.4330940246582,34.67441202518724
578.4002685546875,1450.375732421875,1346.759155273438,1.328605890274048,76.60382843017578,20.96863667708308
1492.33056640625,607.4924926757812,1145.21240234375,1.074533820152283,76.10943603515625,45.56207541592512
755.024169921875,1287.720458984375,1166.52734375,0.7160106301307678,20.66108322143555,34.79572964358318
467.969482421875,886.8588256835939,1081.703735351562,0.7959706783294678,10.77692890167236,25.55537782810067
1169.165771484375,1106.495239257812,1082.675415039062,0.6536499857902527,63.77644348144531,50.84993824991379
1423.282348632812,489.4583740234375,1136.811401367188,0.5894865393638611,66.38915252685547,46.88340534790773
826.2113647460938,770.3130493164062,1132.6142578125,0.7951009273529052,78.42062377929688,33.42719155041195
860.2525024414061,494.3673095703125,1021.859313964844,0.9085993170738221,46.41873168945312,32.29780972250848
1381.87255859375,460.6026306152343,1016.957336425781,1.015337109565735,64.63825225830078,47.526817018004
801.052490234375,717.5556030273438,998.4443969726562,1.492853283882141,23.37102699279785,36.72803330012206
1171.315551757812,578.972900390625,1088.922485351562,1.464641571044922,40.23442840576172,40.04444144085739
941.43310546875,1067.413330078125,1107.487426757812,0.9602341651916504,68.2090072631836,41.06286509514136
1453.071899414062,785.3831176757812,1146.984619140625,0.7411985397338867,42.50473785400391,51.92930855238798
1245.42578125,899.7691040039064,1257.986694335938,0.6435001492500305,21.11947250366211,36.03479056543896
683.4696044921875,1323.706665039062,1010.516723632812,0.9424750804901122,19.72739601135254,43.99155624164175
1204.847045898438,505.8670043945311,1000.845764160156,1.499851703643799,74.24028778076172,36.96320798891546
1461.762939453125,1159.915893554688,1200.427612304688,0.7588909268379211,21.80615043640137,50.92859733885525
735.7709350585938,458.2694702148438,1231.29150390625,1.14832615852356,72.18714141845703,19.66111071881467
1366.127807617188,737.59814453125,1214.302856445312,1.267621397972107,21.78096961975098,49.46670979377227
778.9458618164062,1028.796630859375,1107.493041992188,1.507665157318115,55.61438751220703,32.43365425081092
1101.810913085938,593.4592895507812,1143.95068359375,1.632265329360962,30.49737739562988,37.757635593183
1471.369873046875,478.7489929199219,1172.583984375,0.9030721783638,76.33505249023438,44.86684301667324
1259.350219726562,1019.9052734375,1082.8115234375,1.602359294891357,81.5333251953125,46.44806310370983
997.9327392578124,798.37158203125,1049.234375,0.6265290975570679,86.86848449707031,37.50475309118037
1296.53125,788.69384765625,1240.252197265625,1.470174074172974,41.39501953125,42.73807100460564
1480.887084960938,856.7622680664062,1141.073974609375,1.603771209716797,41.74135971069336,53.53377243597798
1288.64111328125,1175.174194335938,1070.578369140625,1.015526056289673,15.97366523742676,52.95714376885033
1031.376953125,698.3444213867188,1131.305786132812,0.6127142906188965,23.37514686584473,36.62069895127841
798.2994995117188,772.6031494140625,1055.949584960938,1.120092391967773,80.66657257080078,26.09854408758234
1378.728271484375,944.7039184570312,1035.934204101562,1.341606616973877,46.94664764404297,52.46437809739676
501.9075317382811,915.3720092773436,1301.077270507812,1.402810335159302,74.81486511230469,16.28722013383175
950.4240722656251,1433.107421875,1170.781982421875,1.050171494483948,84.867919921875,38.81237851117641
1276.765869140625,1378.961303710938,1207.434814453125,1.723402500152588,85.3848876953125,43.33197992844028
1033.34765625,1110.422973632812,1096.79248046875,0.6301524043083191,69.85692596435547,44.15629031222126
699.1263427734375,513.5748291015625,1280.271728515625,1.934205293655396,97.91545104980469,19.45310351309676
915.1106567382814,1478.846923828125,1313.756713867188,0.6591047048568726,48.97388076782227,44.52251679027155
865.7101440429689,1101.635131835938,1332.275390625,1.083166837692261,95.67279052734375,30.91868967130593
1319.231201171875,1079.082763671875,1070.58642578125,0.9300662875175477,78.45161437988281,52.68510100136227
867.9963989257812,1258.832153320312,1328.8896484375,0.9719561338424683,28.4281177520752,39.59444799540552
1040.185913085938,962.5656127929688,1198.954223632812,1.2809157371521,21.3004035949707,40.29079429847918
717.0299072265625,1005.707885742188,1318.6962890625,1.591184854507446,18.12870216369629,31.58801716903552
960.752685546875,667.6813354492188,1189.478393554688,0.6717624068260193,51.84204101562499,33.9634161806248
651.7293090820312,543.6637573242188,1124.760986328125,0.6681855916976929,54.22224426269531,27.2513130890632
641.9276733398438,762.7811889648438,1329.87451171875,1.827420592308044,61.04138565063477,21.20909696756808
1233.473388671875,768.945068359375,1315.679809570312,1.492808818817139,91.78135681152344,37.39810417797452
492.8069152832031,651.3351440429688,1139.722900390625,1.256583452224731,38.51623916625977,22.50530529493809
646.3650512695312,594.088134765625,1272.326782226562,0.7060510516166687,69.51013946533203,21.54276819121751
749.9628295898438,842.0867309570312,1036.189086914062,1.474400997161865,56.75742721557617,28.80844917688292
1335.851806640625,1189.691040039062,1115.65185546875,1.486866593360901,35.66514587402344,57.40862772437416
784.9885864257812,980.4238281250001,1162.877807617188,0.559033989906311,79.9300308227539,36.09683627581372
557.2213134765625,1249.605224609375,1272.605102539062,1.859647870063782,94.68951416015625,10.9973850737436
882.6214599609376,1230.73974609375,1098.477172851562,0.923749327659607,28.49609565734863,47.1121133352434
747.4775390625,1249.815673828125,1265.662841796875,1.362700223922729,95.77865600585938,27.9513033626271
1114.161376953125,471.2159118652344,1207.365356445312,1.365202665328979,45.29142379760742,33.82228461952537
1385.482788085938,693.5437622070312,1247.097412109375,0.8553127646446229,38.94971466064453,45.7091849553446
526.8867797851562,915.1276855468749,1232.996948242188,0.5152027606964111,91.84244537353516,22.73509059800948
998.5132446289062,1079.343383789062,1047.46826171875,1.754578351974487,31.63519096374512,42.64272009061932
915.9749755859375,1170.13037109375,1340.819458007812,0.685370683670044,68.36457824707031,39.49429172997888
510.6553955078125,909.3311767578125,1132.892700195312,0.9243025779724121,92.92375183105469,20.48369600669681
1067.683349609375,605.602783203125,1293.902587890625,1.123682618141174,80.48831176757812,30.61351482754738
949.9686889648438,550.2689819335938,1314.044311523438,0.7492555379867554,82.48564910888672,32.18435259112343
1412.3359375,1462.278930664062,1306.153442382812,1.599693775177002,60.51313018798828,53.01658522153089
990.007080078125,687.668212890625,1248.95703125,1.823310136795044,93.5371322631836,27.44264258679072
473.81103515625,978.5576782226564,1128.994750976562,1.748697519302368,77.36248016357422,15.9974519718857
1460.804443359375,559.4874877929688,1047.27099609375,1.73670220375061,72.89897918701172,48.57315469955888
578.62255859375,846.3750610351562,1013.892333984375,0.8797049522399902,84.64625549316406,29.93188109896325
603.434814453125,506.3489074707031,1087.521240234375,1.510277271270752,89.13633728027344,19.71155310015633
1336.757080078125,1212.9599609375,1194.36328125,1.029821038246155,30.383544921875,57.10638567571577
677.5538330078125,1490.077880859375,1248.63623046875,0.8828912377357483,23.26401710510254,35.73148630143537
702.151611328125,884.6250610351562,1160.496826171875,1.388074636459351,78.19166564941406,25.44008794772971
966.7919921875001,1084.497192382812,1192.451782226562,1.8000727891922,79.7398910522461,32.49357027130009
607.2476196289062,1459.647094726562,1095.63525390625,1.636277794837952,84.4752426147461,25.76565952578774
957.1622924804688,945.1340942382811,1288.820068359375,0.9697551131248474,36.85905075073242,39.7707624322134
908.3171997070312,592.174072265625,1323.302612304688,1.258766412734985,94.1768798828125,19.17915587375077
572.0004272460938,1006.248901367188,1121.604125976562,1.350422263145447,62.62789154052734,23.69965180248346
1214.451782226562,666.4801025390625,1013.40380859375,1.215274572372437,25.35369491577148,48.21484227921745
1231.126098632812,944.8643798828124,1233.080078125,0.7302739024162292,96.32559967041016,42.56271927776752
1115.64306640625,781.172607421875,1162.653686523438,1.912873268127441,71.41431427001953,32.0060734854174
1070.524291992188,624.6840209960938,1208.7421875,0.5853173136711121,68.61309814453125,38.59582950064906
859.9181518554688,1325.638427734375,1172.354248046875,0.669047474861145,34.64682006835938,44.52792975529577
1118.822998046875,1116.677734375,1231.785522460938,1.443571090698242,47.5328369140625,41.08860216892548
503.710205078125,1398.760498046875,1159.166381835938,0.6043576002120972,12.46795463562012,24.06904557236173
587.2735595703125,611.9651489257812,998.4214477539062,0.789265513420105,27.4013557434082,30.28859912795701
1130.601684570312,652.352294921875,1049.166381835938,1.115713596343994,81.49707794189453,39.15298031212997
1115.1494140625,1207.678466796875,1111.62548828125,0.9184757471084595,25.03743934631348,53.96399505486004
1114.937377929688,1257.463745117188,1176.824340820312,0.7359771728515625,71.62483215332031,48.84052227293074
1474.662841796875,585.9239501953125,1007.552124023438,0.7704698443412781,75.40206909179688,50.98109888893934
513.3397827148438,1097.516479492188,1041.028198242188,1.098610043525696,89.72189331054688,21.46678251761521
495.4220886230469,590.4140625,1200.20556640625,0.6889117360115051,33.65107727050781,21.70018779772181
1326.36865234375,928.0073852539064,1284.632202148438,1.095469951629639,71.17232513427734,44.119104217156
780.0397338867188,1434.0615234375,1304.5302734375,1.6324622631073,39.62536239624023,37.24798052561607
740.343505859375,539.125732421875,1027.452514648438,0.5883265733718872,54.39507675170898,30.140590803382
966.9930419921876,1395.25,1311.222778320312,1.551057577133179,66.20496368408203,37.68316846219784
1297.082763671875,690.6393432617188,1150.467407226562,1.271144390106201,16.92955207824707,45.33912085168294
1329.388061523438,1337.908569335938,1221.246704101562,1.858865737915039,30.10301780700684,52.70246095714378
923.1167602539064,1284.654418945312,1058.810913085938,1.593285202980042,51.08755874633789,43.135548458831
953.2760620117188,769.5677490234375,1283.552124023438,1.243042349815369,11.89816665649414,34.64802151441278
1191.258422851562,550.2364501953125,1099.099731445312,0.5013343095779419,63.18158340454102,43.17705191854584
907.01806640625,1429.829223632812,1009.594543457031,1.184497237205505,90.94034576416016,44.93571729315869
1236.267822265625,567.4696655273438,1131.212524414062,0.6118271946907043,27.99164581298828,40.41812347458568
882.6134643554689,760.1815185546875,1000.380004882812,1.969198942184448,99.7634048461914,29.07851549530494
1003.273315429688,1388.681030273438,1232.661743164062,1.311588168144226,71.36556243896484,44.95326189713951
1259.931518554688,569.3969116210938,1243.486694335938,1.206576585769653,68.32688903808594,36.20373967216211
1302.82470703125,1337.16455078125,1188.060913085938,1.492498517036438,18.21312713623047,53.59806347392077
1025.559448242188,1186.638061523438,1007.797546386719,0.6645275950431824,19.6970329284668,44.235041433832
919.9700927734375,931.0779418945312,1249.091796875,1.946138024330139,36.20075225830078,33.73403995787159
774.1505126953125,1283.303955078125,998.9907836914062,1.646162271499634,33.99074935913086,41.9575041818249
719.7937622070312,880.81640625,1209.845825195312,0.7676547765731812,73.47254180908203,27.47205448416332
1491.660034179688,1139.372192382812,1099.4658203125,0.5758628845214844,85.89640808105469,59.58971864316328
799.2769165039062,692.5687255859375,1265.102172851562,1.035951614379883,20.62606430053711,31.69614243460752
607.3974609375,750.2702026367188,1315.40673828125,0.5625471472740173,27.03072929382324,24.11740775166902
1193.134155273438,762.6077270507812,1183.606811523438,0.6267420649528503,19.92757415771484,40.03096586128477
596.0369262695312,1306.237060546875,1316.895751953125,0.6503574848175049,42.62583160400391,30.72440749649932
867.0220336914064,593.3458862304688,1176.859985351562,1.159193992614746,61.49788665771484,27.2147811284665
1152.600952148438,1012.184448242188,1049.947875976562,1.514654994010925,18.63188552856445,47.48845282158227
1049.2421875,1450.239868164062,1137.28662109375,0.9117936491966248,88.9775161743164,48.1980448188126
829.0208740234375,1496.02197265625,1031.522094726562,1.818188667297363,48.56983184814453,39.20101242799423
1445.837036132812,735.9609375,1192.6796875,0.6641188263893127,60.7203369140625,48.2382179610342
1448.60107421875,1109.927734375,1016.727600097656,1.374768733978271,81.88089752197266,55.82436464987303
1090.428100585938,475.6256408691406,1073.713989257812,1.395638465881348,49.41168212890625,34.21842630097225
776.0132446289062,1238.013916015625,1307.97998046875,1.491778612136841,90.26529693603516,29.4358275540057
1409.814697265625,992.082275390625,1239.079223632812,1.587453722953796,55.63086700439454,49.3365671029435
936.7924194335938,1392.41064453125,1192.654663085938,1.537026166915894,53.36050415039062,43.78198865738831
490.7958374023438,634.1575317382812,1334.010009765625,1.198895335197449,76.89476776123047,12.6312481020359
589.2213134765625,1083.393310546875,1124.261596679688,1.352784633636475,13.88586616516113,37.02886705358969
1348.194580078125,1117.124145507812,1171.838623046875,0.9554492831230164,85.15580749511719,51.3742955938598
468.6522827148438,626.9949340820312,1327.159423828125,1.954429984092712,77.84210205078125,11.89938881690935
1027.419555664062,820.362060546875,1013.947143554688,0.7281683683395386,41.6319465637207,47.31828088632531
674.7202758789062,1287.127197265625,1143.224609375,1.460583090782166,96.95893096923828,23.87945303078698
579.5654907226562,860.2871704101564,1112.181640625,1.869579315185547,43.56177520751953,23.01579804661841
610.9664306640625,657.8502807617188,1332.048706054688,1.505254507064819,14.58521461486816,26.23168273005436
689.2886352539062,1454.756591796875,1289.266723632812,1.696313858032227,18.15744590759277,32.58158407967513
1152.869262695312,845.4577026367188,1147.055908203125,0.9625785946846009,66.6761245727539,45.40802289488275
750.4693603515625,504.3211669921875,1153.875366210938,0.6111555695533752,65.92574310302734,27.99521256896693
1328.822265625,834.7180175781251,1194.245239257812,1.131828665733337,11.81163883209229,47.48825058698031
494.1772766113281,1168.698974609375,1247.414184570312,1.207486391067505,30.72927093505859,27.5760975563874
1120.584594726562,934.5236206054688,1093.479736328125,1.93147885799408,48.64926910400391,39.84019199441721
470.0524597167969,522.9735717773438,1207.907592773438,1.537038207054138,46.03441619873047,14.93001134211085
1353.4462890625,696.0552978515625,1150.550903320312,1.550050139427185,62.98406600952148,45.22040510222199
962.3406982421875,971.6563110351564,1318.149536132812,1.099214553833008,91.58698272705078,34.28270661860264
1393.44970703125,1480.390625,1217.553344726562,0.7946158051490784,42.46451568603516,65.88848844936544
1323.71142578125,1090.94140625,1168.567749023438,1.057498455047607,44.30899429321289,52.50246881319113
1301.910400390625,1169.929443359375,1328.485717773438,1.410698890686035,68.12401580810547,42.58591301780601
461.0681457519531,699.4491577148438,1045.621215820312,1.670605063438416,54.05187225341797,17.06808968530752
489.7532958984374,799.15625,1273.52685546875,0.572776198387146,26.85273742675781,21.8103594256948
588.5151977539062,947.6925659179689,1248.218139648438,0.9332420229911804,57.12458801269531,25.53794550215639
905.6968994140625,662.8140869140625,1124.947265625,1.030279159545898,36.65682220458984,35.65454490763196
804.2952270507814,614.1383666992188,1008.9365234375,1.213590383529663,59.12766265869141,30.69722436227593
1251.7509765625,738.7526245117188,997.380859375,0.8838368058204651,73.83685302734375,50.08070943840191
716.44287109375,745.1774291992188,1158.819213867188,0.8604196906089783,58.90310668945312,28.33145128610488
689.7349853515625,1099.787719726562,1304.98046875,1.436122179031372,29.94100189208984,30.40034596367963
1285.09130859375,1454.779174804688,1236.470703125,0.512316882610321,22.05105781555176,28.59706082459966
1288.634155273438,1174.673950195312,1155.552734375,1.383363485336304,30.81836318969727,50.72427104762868
1307.436157226562,1009.299255371094,1115.17333984375,0.6621019840240479,20.06162071228027,39.23228910582645
1150.778564453125,1123.931274414062,1288.948486328125,1.167909145355225,83.95069885253906,37.57223757500392
635.4432373046875,829.7667846679688,1121.37646484375,0.5641849040985107,18.42926025390625,29.10160110792913
1442.142822265625,1367.186401367188,1204.953125,1.786533355712891,84.88754272460938,51.69444739514509
497.5304565429689,461.6720886230469,1187.200317382812,1.242230534553528,52.26982116699219,19.18316139389438
480.0388488769531,868.236572265625,1348.732543945312,1.560394883155823,35.12824249267578,16.5860592500151
1042.89013671875,772.5732421875,1210.890502929688,1.007027864456177,23.98795700073242,36.1993205972346
639.771240234375,1035.503784179688,1238.8955078125,1.600293636322021,61.4922981262207,22.5901523286039
830.0286254882814,1414.793212890625,1064.395141601562,1.98273777961731,59.50648498535156,38.12053591684597
502.5502624511719,888.06298828125,1100.65966796875,1.103522062301636,84.6889877319336,21.4356797288968
655.2730102539062,1276.102905273438,1042.068969726562,0.5594238042831421,41.40098571777344,42.47715082438728
1109.53759765625,893.5847167968751,1336.140258789062,0.7239905595779419,97.91578674316406,37.44946830767888
1235.059204101562,1477.628784179688,1225.176635742188,0.8455557823181152,84.0501480102539,55.67173511380149
628.6209716796875,455.8270263671875,1302.842407226562,1.068786382675171,38.68714904785156,19.95561795328891
731.0087280273438,1469.505004882812,1223.439086914062,0.6251348853111267,94.3423080444336,35.51983842060586
611.0441284179688,726.0855712890625,1184.309692382812,0.7287116050720215,20.39376449584961,24.6956499642748
674.1548461914062,1005.637023925781,1028.41064453125,0.8416748046875,58.98405838012696,32.98643487780324
877.730224609375,1263.140014648438,1247.637939453125,0.5443426370620728,48.07761383056641,41.24600044833743
543.5835571289062,1352.3203125,1007.779174804688,1.248557806015015,10.81415748596191,38.71907285199196
1052.556884765625,545.8876953125,1072.124877929688,0.6930916905403137,28.66128730773926,40.8666604336623
682.8051147460938,919.3038330078125,1239.521118164062,1.64172625541687,38.67485427856445,30.18807971322235
1190.333618164062,917.0337524414062,1148.153076171875,1.745981216430664,41.47120666503906,39.10347374203702
1071.337890625,1364.129028320312,1177.522094726562,0.7807187438011169,57.62948608398438,51.72494603165936
1107.551635742188,584.8824462890625,1314.864624023438,1.586447238922118,10.53748226165771,32.48015009800856
571.1844482421875,916.301513671875,1299.965942382812,1.768800020217896,39.34410858154297,22.80493025434561
855.4255981445312,905.66259765625,1062.145385742188,1.466982841491699,39.68881225585938,39.64239478439318
1069.43603515625,740.6272583007812,1289.682983398438,1.405506253242493,85.64987182617188,31.28294860184731
1410.732543945312,622.910888671875,1279.895263671875,1.949366331100464,39.45957183837891,38.78896454909933
1107.802734375,1131.965942382812,1207.091186523438,1.262101054191589,19.02129936218262,47.35076692494054
647.594970703125,1435.693237304688,1020.738220214844,0.924834907054901,73.69081115722656,37.56815503142976
1192.898315429688,489.797607421875,1254.344360351562,1.540452480316162,91.8501968383789,31.02936457365547
1063.382446289062,1255.221435546875,1139.722534179688,1.4913569688797,68.69527435302734,42.48341988047839
1471.110107421875,991.1231079101561,1167.6591796875,0.8421036005020142,84.85054779052734,52.5793486686763
1233.147216796875,562.6947021484375,1072.757202148438,1.17096745967865,32.10223007202148,44.08802806046681
710.3085327148438,731.2809448242188,1082.19580078125,0.5574284195899963,61.39923477172853,29.29861769192321
1227.390869140625,550.9073486328125,1195.960083007812,1.514680147171021,72.0647964477539,35.14839899992753
1023.948913574219,902.7230834960938,1317.046142578125,0.6832787394523621,44.32983016967773,41.79895825379735
1194.86279296875,1193.86279296875,1029.764038085938,0.6487275958061218,84.49681091308594,54.13216789394934
858.8023071289064,1292.123779296875,1252.120483398438,0.7048479914665222,82.74356842041016,37.71496224362124
496.1976623535156,485.4221496582031,1169.020751953125,1.893060445785522,45.28412628173828,17.72510493457692
1005.962768554688,675.0564575195312,1168.72412109375,1.904365658760071,96.2352066040039,22.99419856892314
1041.282348632812,1211.938354492188,1263.293334960938,0.7092101573944092,36.47994613647461,47.52047967572111
1061.149658203125,1202.316772460938,1110.319580078125,0.9853965044021606,18.51113128662109,49.19429184922406
1033.498901367188,748.2554931640625,1138.033935546875,0.9680651426315308,55.9622802734375,38.66562569959267
989.3530883789061,450.1468200683593,1340.079956054688,1.173814177513123,11.66534042358398,31.35022594853673
753.7030029296875,1013.837768554688,1346.304809570312,1.651453256607056,66.31353759765625,26.4538716327279
769.5405883789062,1309.091552734375,1105.510620117188,1.568382024765015,23.00959396362305,42.02727617525392
669.28173828125,1101.381713867188,1296.43408203125,1.209912061691284,39.29413223266602,28.72835242857032
820.5947265625,597.3274536132812,1191.966796875,1.162912845611572,29.12461090087891,32.8677348094516
1329.533325195312,488.6669311523438,1177.178466796875,1.613587737083435,82.1397933959961,32.30486693480944
1307.803955078125,1013.753540039062,1291.77734375,1.236222743988037,26.55525970458984,48.72932803137924
975.3486938476562,689.1024169921875,1295.438354492188,0.504111111164093,17.7902717590332,18.55154371650934
692.1021118164062,1177.477416992188,1139.618408203125,0.9318090081214904,94.52703094482422,29.15497669760797
1345.419067382812,1489.363159179688,1268.142578125,1.533968925476074,26.37745094299316,61.62111565784816
1403.601684570312,1188.031372070312,1042.376831054688,0.5929843187332153,45.55951309204102,59.34719144078946
852.7191772460938,1294.186157226562,1175.927734375,1.458853602409363,26.18638038635254,43.18527489234965
689.6677856445312,609.1121826171875,1094.573974609375,1.265595078468323,45.21963500976562,22.83104504969722
830.6830444335936,1473.3271484375,1298.857177734375,1.37583327293396,76.20792388916016,31.69113401004733
1015.338684082031,1367.327270507812,1265.853759765625,1.654069185256958,60.73631286621094,39.75716662030523
1346.979614257812,1313.173095703125,1042.924194335938,1.66978645324707,69.95553588867188,55.83746796191002
1180.478637695312,1186.859130859375,1019.5166015625,1.270099401473999,75.70770263671875,51.62986075527094
1393.035888671875,802.5751342773438,1081.736450195312,1.035268306732178,92.37105560302734,48.21105004832344
1244.402099609375,998.6943969726562,1210.4150390625,0.5678455829620361,69.2056884765625,49.0095328614894
1219.48193359375,840.0299682617188,1152.323120117188,0.5492775440216064,35.74118041992188,43.26257099690223
604.212646484375,1191.751953125,1086.429809570312,1.184645175933838,61.09531021118164,26.88217948682883
567.1670532226562,1149.238403320312,1161.8115234375,1.437825918197632,57.75740814208984,25.55336820956737
1074.566772460938,1055.047607421875,1085.7060546875,1.436082720756531,74.89318084716797,43.07736212747712
684.2119140625,737.4200439453125,1216.204833984375,1.08662736415863,19.52498626708984,30.97648205357842
1480.568359375,1158.23291015625,1169.992431640625,1.423238515853882,32.7171630859375,57.51342083831037
1111.824951171875,896.5079345703124,1269.32958984375,0.9461697340011597,33.5505256652832,40.5122668823822
802.4689941406249,627.6787109375,1180.325805664062,1.951897859573364,82.7670669555664,20.11958495262626
1018.577331542969,665.972412109375,1020.122680664062,0.857539713382721,10.94395542144775,37.04578000792304
815.9715576171875,1052.091186523438,1046.310913085938,1.654146671295166,80.43527221679688,34.22875474508135
838.037109375,872.3107299804689,1214.18017578125,1.42269229888916,29.45905113220214,30.24305546280827
730.651611328125,812.48583984375,1340.279663085938,1.125980854034424,44.96256256103516,25.62525438233788
480.4295043945312,1356.148315429688,1244.563354492188,0.954200267791748,96.95073699951172,18.08393573856051
1405.343627929688,1187.89892578125,1133.718505859375,1.882939100265503,49.51182556152344,54.91603778418022
836.9014892578125,520.4142456054688,1335.48046875,0.961459219455719,88.9974594116211,22.41178174783396
704.5316772460938,1043.60693359375,1286.331176757812,0.8418396711349487,55.2491455078125,29.91367082016503
672.928466796875,832.476806640625,1311.768188476562,1.951496839523315,95.0936050415039,15.9885862116892
1292.619873046875,1348.07177734375,1186.013916015625,1.772547483444214,24.26192855834961,56.9724286526685
615.6356201171875,1167.253662109375,1053.75341796875,1.321741580963135,86.8037338256836,26.1888300206685
699.2392578125,1307.199096679688,1064.395874023438,1.105284214019775,76.71719360351562,28.87765789064429
1112.90087890625,925.5018920898439,1010.382385253906,1.345801115036011,91.42465209960938,43.14949762310707
606.8325805664062,1198.074829101562,1041.0,1.126843690872192,10.58553695678711,39.67850095440659
734.1940307617188,1328.788330078125,1066.654541015625,0.8013277649879456,87.79804229736328,37.9427500661403
1153.427612304688,1267.923706054688,1099.01318359375,1.064213037490845,25.82405662536621,53.0933060005995
936.4147949218751,1283.576171875,1055.547119140625,1.981252431869508,46.10402297973633,43.54725681560099
1315.207397460938,1447.651977539062,1005.174438476562,1.315311074256897,86.37528991699219,59.08666091692469
823.0022583007812,673.2894287109375,1022.865051269531,0.9644684791564941,81.90335083007812,30.57465896604356
887.8355102539062,1077.123168945312,1211.771606445312,1.132928013801575,89.12647247314453,32.63523975660284
1257.312866210938,484.4027709960938,1147.201293945312,0.946861743927002,42.68378829956055,38.80172007600604
1062.243408203125,684.429931640625,1255.543701171875,1.956287503242493,53.28892135620117,31.49806359133805
942.251953125,1250.141235351562,1014.178894042969,0.5053315162658691,12.86195945739746,18.3504676800723
1011.781982421875,900.9725952148438,1120.115478515625,1.849970817565918,96.62870788574219,32.68350505844551
499.28271484375,729.137939453125,1169.515258789062,1.904609441757201,46.14039611816406,16.08726857255063
649.5015869140625,1111.885498046875,1181.590698242188,1.684324741363525,29.1066722869873,32.18168305652888
1119.418212890625,620.57080078125,1249.500366210938,0.9522209763526918,91.61447143554688,30.94489484617514
926.6918334960938,592.66259765625,1140.252563476562,1.371109008789062,39.31970977783203,31.29461615357342
1069.5517578125,740.8614501953125,1221.587524414062,0.9900596141815186,66.21843719482422,36.09185688322753
483.1216735839844,566.3754272460938,1092.733276367188,1.080751180648804,87.32115173339844,13.16642767728686
565.82958984375,1420.506469726562,1030.039428710938,0.5394459962844849,54.95262145996094,39.9044214176669
778.849365234375,1238.026245117188,1071.99462890625,0.573458194732666,16.36154556274414,28.90660470028996
998.4697265625,1269.512451171875,1282.449829101562,1.4362872838974,14.30724143981934,42.62262174134443
1098.164428710938,914.5800781249999,1219.706665039062,1.130330324172974,89.44818115234375,34.42764458821092
862.8094482421876,1023.159545898438,1204.481567382812,1.242044687271118,72.3043441772461,33.92354278046902
1168.966186523438,1063.1162109375,1077.0361328125,1.733296155929565,10.56405830383301,55.42074682828037
883.4649658203125,1078.693115234375,1187.834350585938,0.8147879838943481,74.29021453857422,37.255942852276
805.2581787109375,454.4761962890625,1250.689697265625,1.538224816322327,61.5621223449707,23.43444923748432
1441.207153320312,1009.936767578125,1273.671264648438,1.649035930633545,38.24809265136719,50.04820439957504
645.4859619140625,1162.928100585938,1244.578979492188,1.511135339736938,62.70799255371094,26.27407788869395
1026.455322265625,509.2831420898438,1106.888061523438,0.7992172241210938,72.5423355102539,36.96132271997114
1430.916259765625,613.6337890625,1130.755859375,0.692403256893158,38.4161262512207,45.715689940632
520.7892456054688,1258.379638671875,1293.572998046875,1.747684955596924,44.14920043945312,23.85361192492833
1364.961547851562,1090.14794921875,1346.90478515625,1.462895393371582,41.57947158813477,46.33358493308264
765.25439453125,1492.809326171875,1195.345336914062,1.614309430122375,52.04921722412109,35.60261433364516
1432.349853515625,937.5350952148438,1017.408325195312,1.896384000778198,55.87008666992188,52.6400150044219
1465.15966796875,1492.399780273438,1229.704711914062,1.429501295089722,11.252516746521,61.32700679206805
814.07373046875,608.6365356445312,1014.040405273438,1.382993459701538,83.30194091796875,25.65578670884119
855.0732421875001,598.337158203125,1310.107788085938,1.461183071136475,24.00544357299805,29.40420929756305
570.9310302734375,1427.133666992188,1190.401611328125,1.731432557106018,98.54000854492188,21.19279053029939
1390.159790039062,1499.753540039062,1221.4794921875,1.929343461990356,95.29523468017578,46.89431049718842
752.1651611328125,1442.637329101562,1235.629150390625,1.649820804595947,72.94115447998047,29.85531554685402
1361.505859375,1477.768310546875,1192.521850585938,1.468384742736816,21.4652099609375,60.17812867129214
1422.956176757812,1197.013305664062,1119.127075195312,0.5920031666755676,39.39638900756836,54.4159259987165
1492.747192382812,464.1976318359375,1078.84033203125,0.9122197628021239,24.06636238098145,50.60061059254659
1427.111572265625,1038.063842773438,1119.199829101562,1.6230149269104,88.9014892578125,47.62910969256593
717.1038818359375,944.5196533203125,1061.296997070312,1.411722660064697,20.94431304931641,35.77556223649952
1405.72607421875,1261.496337890625,1090.4052734375,1.898281097412109,17.66021728515625,63.26649764722102
1022.564514160156,1415.810791015625,1311.002685546875,1.118542671203613,58.85111618041993,40.98916669937558
943.2622070312499,782.341064453125,1346.461181640625,1.29430103302002,85.12898254394531,28.2196424545932
653.1907958984375,526.953125,1315.204833984375,1.626081705093384,72.49881744384766,18.81641149308241
961.2589721679689,1384.069458007812,1202.268310546875,1.829132199287415,40.22967529296875,45.18249397666951
816.1282958984375,763.0621948242188,1199.381591796875,1.651559829711914,67.53153991699219,26.25270575778498
1055.178955078125,1381.645629882812,1116.66162109375,1.392451286315918,12.57703399658203,57.0006783358146
1251.789916992188,490.4682617187501,1041.253173828125,1.516786336898804,25.54346466064453,45.55155063844155
1274.573364257812,712.8057861328125,1274.352294921875,1.375114917755127,51.06341934204103,37.81051127321295
450.0418090820312,882.837890625,1323.071044921875,0.8230248689651489,33.17519760131836,19.97974759534397
471.8125915527343,1426.304077148438,998.52294921875,1.939608335494995,80.28357696533203,18.09827699370034
1250.786376953125,729.7359008789062,1150.534423828125,1.807533979415894,29.44161605834961,45.89438450447682
1451.33203125,1191.1884765625,1341.381713867188,0.836550533771515,97.22379302978516,49.21256175758507
1044.479125976562,777.7274780273438,1331.13671875,1.67401397228241,84.4892807006836,27.70063381351743
795.239990234375,531.4224243164062,1041.25537109375,0.823908567428589,63.66572570800781,32.90683163597603
895.2232055664062,1409.315673828125,1060.824340820312,1.132117629051208,36.94121170043945,49.8447936256649
466.2290039062501,482.2986755371094,1219.493774414062,1.88154399394989,26.72838020324707,11.7561083539361
1065.698486328125,688.1077880859375,1315.773315429688,1.504650354385376,67.32237243652344,31.64269451308343
1380.4482421875,489.1026611328125,1280.68115234375,0.8254243731498719,42.3033561706543,42.36047002308705
544.2704467773438,1167.302368164062,1312.813110351562,1.609694600105286,65.96131896972656,19.64118923277033
1058.207153320312,938.0749511718751,1016.405456542969,1.117685079574585,79.56126403808594,43.80305731813976
706.3670654296875,1119.769775390625,1124.000732421875,0.9267433881759644,41.97886276245117,36.4547088834724
514.0690307617188,1172.056518554688,1144.798217773438,0.6020939946174622,93.5685043334961,24.86764856832772
867.2493896484376,827.3398437499999,1294.770263671875,1.533215045928955,81.48896789550781,25.27849517654249
453.8319396972656,558.2269287109375,1065.7060546875,0.5280328392982483,64.06192779541016,18.95995516120676
1370.1689453125,1201.559204101562,1080.433471679688,1.837377786636353,18.41228675842285,58.7176633200128
935.6595458984375,1124.841430664062,1073.518920898438,1.908668994903564,68.53502655029297,33.91863411478373
538.62744140625,609.53271484375,1292.078857421875,1.309818744659424,57.21823120117189,18.27606812058202
833.771484375,616.1883544921875,1219.092529296875,0.6972137093544006,24.34594535827637,31.48309240068853
1446.223754882812,1224.4990234375,1005.266479492188,1.42124605178833,38.41394805908203,63.34858046848624
1453.95751953125,1168.8525390625,1005.758666992188,1.461332082748413,34.14669418334961,62.52686659449039
1164.495849609375,1322.957275390625,1146.2705078125,1.644994497299194,10.64466381072998,55.7513715633946
614.086181640625,988.0767211914062,1283.25830078125,0.5564512014389038,57.05107498168945,31.35892236943299
1015.630126953125,1331.562133789062,1067.812744140625,1.815503001213074,81.98277282714844,36.62677669888498
1470.05322265625,1256.128173828125,1111.953491210938,1.231800317764282,68.46073913574219,58.89261946626233
1082.1494140625,1035.380004882812,1188.025756835938,1.353505373001099,42.21836090087891,41.9148283407828
972.0336303710938,480.1167297363281,1025.637329101562,1.046240448951721,29.85563087463379,32.37302878001181
590.4995727539062,1094.468017578125,1108.181396484375,1.949721336364746,73.49812316894531,17.43704499028829
1255.50634765625,1276.267211914062,1336.329345703125,1.090924739837646,56.33554840087891,45.49181582422942
699.7445678710938,1459.113525390625,1302.418579101562,1.008482933044434,18.29074096679688,39.67412271876382
1203.2666015625,1241.686645507812,1120.97998046875,1.536116242408752,38.06079864501953,52.83054420292112
1435.743408203125,805.992919921875,1281.884033203125,1.20591926574707,16.58114242553711,47.45497218789638
1299.251098632812,1435.3466796875,1235.443237304688,1.742951631546021,16.37622261047363,59.95597420328546
993.8267822265624,778.9281005859375,1306.130493164062,1.000520586967468,53.94384384155273,36.87759464806151
1142.635498046875,1372.288696289062,1037.070434570312,1.976892709732056,64.94029998779297,49.28096940404398
969.117919921875,475.8003540039062,1025.362182617188,1.207442760467529,92.21825408935547,29.82734938850487
775.364013671875,1260.83837890625,1319.677124023438,1.333701014518738,42.73128509521484,36.12951845324926
935.8631591796875,1406.702392578125,1166.7373046875,1.010823249816895,83.94966888427734,43.38391456027199
949.4290771484375,603.5191040039062,1013.702880859375,1.751181840896606,48.21194076538086,35.85819739106922
1309.170043945312,817.4400634765625,1188.888061523438,1.690436601638794,85.44758605957031,38.45750798330889
1446.618774414062,588.3238525390625,1327.22265625,1.042780637741089,52.9979362487793,36.47446856513418
611.6085205078125,896.9416503906251,1072.939697265625,0.9586509466171265,10.04001808166504,36.38477375439313
1478.002807617188,1228.745849609375,1154.10400390625,0.6354032754898071,87.18154907226562,56.05919183201615
1233.968139648438,1135.913208007812,1264.934692382812,1.05868124961853,40.29072189331055,48.41820995002956
895.4830322265625,745.4901123046875,1062.49853515625,1.81181001663208,96.58953857421875,32.8997906444561
731.7059326171875,992.4575805664062,1110.466552734375,0.6471320390701294,32.13335418701172,37.65266962583
1106.326049804688,786.8095092773438,1196.853149414062,0.9451549649238586,87.18669128417969,39.2611600308567
894.6080932617188,1100.626098632812,1010.933898925781,0.7909333109855652,43.17336654663086,43.36663630459596
891.7882690429688,1492.302612304688,1313.584594726562,1.423571348190308,85.6561050415039,29.78489893965367
752.5723266601562,504.4547119140625,1035.19873046875,0.7831441760063171,15.46329498291016,29.58683326186609
1238.137573242188,1044.474365234375,1315.621826171875,0.74462890625,14.61901092529297,36.84732817370298
1135.670532226562,1375.416748046875,1338.427490234375,1.727183222770691,61.08672714233398,40.02876117550616
544.4840087890625,706.7171630859375,1109.545776367188,1.164756536483765,32.81016159057617,23.32556996344782
1230.970947265625,771.6219482421875,1287.191162109375,0.6966195106506348,95.6759033203125,40.10609006695048
1234.392944335938,769.5423583984375,1153.821655273438,1.210601329803467,61.17544174194336,44.55647145013812
1286.4287109375,901.226806640625,1240.554931640625,1.523823499679565,50.2335090637207,40.53730466044701
782.4811401367188,1216.736572265625,1291.01513671875,1.960266351699829,99.3275146484375,19.45302518729041
465.8462524414061,1128.938110351562,1159.884765625,0.9922178983688354,94.2894515991211,18.20164365345686
1490.64013671875,1305.92236328125,1086.529663085938,1.615942239761353,37.5378532409668,65.1593008583109
497.0143737792969,813.3346557617188,1323.777954101562,1.447581052780151,48.4291877746582,18.52250140455859
1444.073852539062,578.7154541015625,1280.04931640625,0.5410120487213135,90.24842834472656,47.83205584457838
1033.857788085938,989.9819335937501,1138.50927734375,1.038905143737793,83.61006164550781,41.36550238305871
1320.419921875,1343.487182617188,1057.4853515625,1.171105861663818,40.11266708374023,61.23671348537199
895.6974487304688,1416.582885742188,998.003173828125,1.739669799804688,91.33101654052734,41.41799594717362
1032.800048828125,914.6610717773438,1084.272583007812,0.7814177274703981,77.10614776611328,42.63860452961416
610.0386962890625,862.3240356445314,1146.076904296875,1.727849721908569,48.13386535644531,22.73880078863745
513.2869262695312,998.4042358398436,1272.180908203125,1.949205160140991,54.08887481689453,18.94128284889059
1477.865356445312,1133.131713867188,1114.814575195312,1.39910101890564,91.27012634277344,51.24294392128175
718.888916015625,731.2913818359375,1158.522827148438,1.727988004684448,38.7938346862793,26.51776803899286
1497.277221679688,1292.992431640625,1195.094116210938,1.469821691513062,92.85602569580078,54.6905614246308
1184.69677734375,671.932861328125,1180.961791992188,0.6947646737098694,86.32416534423828,39.63536961423512
580.5132446289062,1463.96728515625,1151.974365234375,0.7852255702018738,31.03302383422852,36.7515205700433
1013.419860839844,934.8472900390625,1167.265625,1.900783658027649,85.79462432861328,31.01849868939464
1107.217529296875,845.4867553710936,1290.469116210938,1.356266975402832,12.59693622589111,43.93482415213438
1044.021484375,1204.1748046875,1096.622314453125,1.525697231292725,18.70718002319336,49.77538511434818
1482.251953125,554.620361328125,999.4163208007812,0.9053075313568115,33.78125762939453,52.90330603579089
1091.476684570312,930.3280639648439,1296.18896484375,1.451204657554626,73.74586486816406,33.77783828782258
786.8365478515625,1168.010986328125,1330.706787109375,0.8232614398002625,62.08285522460938,34.03316852408101
795.1112670898438,641.77783203125,1178.117065429688,0.6646057367324829,34.13249969482422,30.82717454724195
1336.648193359375,1077.795288085938,1232.461547851562,1.1977858543396,66.95484924316406,44.37645561811938
1093.709594726562,1171.639038085938,1000.448059082031,1.251259326934814,81.42240142822266,45.70026656479625
1466.686645507812,1427.137939453125,1199.800537109375,1.26636528968811,56.68058776855469,56.989616008784
1468.5888671875,1227.41943359375,1093.609985351562,1.109280109405518,50.96984100341797,63.56184171080484
1499.514038085938,1234.215942382812,1251.857177734375,1.215193152427673,99.9537353515625,52.164940827138
1321.696655273438,1072.5322265625,1197.670776367188,1.712630987167358,91.40291595458984,43.59175127222738
767.6121215820312,1256.239990234375,1173.982666015625,1.512706995010376,19.01255416870117,39.80601767943602
1054.481811523438,839.1970825195311,1043.172119140625,1.852270603179932,84.16593170166016,34.2051707612269
1062.711791992188,1023.575256347656,1072.837524414062,1.185874223709106,86.41947174072266,40.50709767022045
927.3944091796874,1393.082153320312,1236.535034179688,0.765551745891571,40.01982879638672,43.69514802853922
534.6798706054688,1427.438720703125,1115.51171875,1.806513547897339,59.74366760253906,29.59116820871112
716.7029418945312,836.2608642578126,1234.561401367188,1.61492919921875,39.21846008300781,22.9235584397074
1416.066284179688,860.9517211914061,997.5424194335938,1.577141165733337,12.82075023651123,60.61395609602654
1337.696166992188,1301.407470703125,1310.895141601562,1.282352924346924,16.38776588439941,51.82812745967901
771.9802856445312,1140.348022460938,1184.334350585938,0.6657061576843262,38.61862182617188,38.59056457340709
1083.3818359375,1483.126953125,1336.677001953125,1.84088921546936,94.705810546875,32.46627593068636
584.39111328125,919.1417236328125,1152.746215820312,1.266573905944824,18.65645408630371,28.31942278487361
1107.493774414062,1260.809204101562,1083.462158203125,1.00470495223999,42.5508918762207,50.3845663519875
626.4459228515625,948.6329956054688,1291.45751953125,1.94514536857605,62.5242919921875,23.2812812064099
693.1581420898438,600.3549194335938,1203.510620117188,1.15419864654541,36.17801666259766,25.51667505662594
613.5361328125,1125.368408203125,1171.5546875,1.833416700363159,52.45403671264648,23.89078723091688
624.3635864257812,1237.511596679688,1097.937255859375,1.143242359161377,86.68132019042969,29.66605924921066
452.5080261230468,1432.471557617188,1149.529174804688,0.5537385940551758,56.55453491210938,31.63615234922537
1241.971801757812,518.3240356445312,1078.99169921875,1.710610389709473,31.0228328704834,43.07405113074385
616.0567016601562,1214.770874023438,1219.899047851562,0.925703763961792,49.32590484619141,28.00193071888606
856.7423706054689,655.6028442382812,1305.9501953125,1.274269580841064,90.11050415039062,24.97569993538885
963.3378295898436,1199.125366210938,1201.38623046875,1.340590476989746,66.361572265625,39.95113994886297
588.0667724609375,1451.37939453125,1338.467651367188,1.591839075088501,20.29653930664062,29.54941923197985
1258.51025390625,1169.997802734375,1283.8173828125,0.5313848853111267,11.34806728363037,17.55174411498921
468.4112243652344,1326.905639648438,1056.796875,1.103532433509827,98.42576599121094,25.27141626150105
1123.626342773438,1329.365600585938,1076.168212890625,1.637921094894409,41.7630615234375,51.54172242898396
850.9915771484375,875.9635620117188,1028.056396484375,1.301752090454102,79.78015899658203,35.19835005153985
1007.229614257812,895.2990112304688,1247.615966796875,1.522263288497925,56.54568099975585,35.9342500314812
903.8382568359374,1114.965209960938,1317.218383789062,0.9319116473197936,67.88652038574219,33.89941884179526
585.2610473632812,1278.750122070312,1338.89306640625,0.8204508423805237,70.54443359375,27.24451531121401
819.6173706054686,523.9138793945312,1012.115783691406,1.366366624832153,75.65149688720703,24.64580336392132
489.7853393554688,709.513427734375,1111.47021484375,1.764779210090637,87.6633071899414,13.08408730805813
599.3289184570312,1337.87646484375,1097.918334960938,0.5747545957565308,95.8057861328125,35.00886923606529
620.1905517578125,485.1578063964844,1282.7568359375,0.5970103144645691,58.03454589843749,22.97196736015626
1291.750122070312,1407.363159179688,1180.310791015625,0.7834785580635072,22.83587265014648,52.93593155640403
1290.650634765625,820.9685058593751,1336.257934570312,1.937353372573853,89.73628997802734,35.69544536555977
454.7399291992188,922.6375122070312,1184.3271484375,1.473227381706238,91.03731536865234,11.52783873528311
1081.547119140625,904.4167480468751,1059.472778320312,0.7574478983879089,71.6277084350586,44.64874778487464
707.1502685546875,708.15576171875,1087.61669921875,0.8096238374710083,78.00099182128906,28.26658992747342
1258.571044921875,900.6422729492189,1145.528930664062,0.5868474245071411,33.85398101806641,48.73772237983388
1122.818237304688,591.4007568359375,1004.384033203125,0.857479453086853,20.57185173034668,43.65990826474827
1162.008544921875,650.1852416992188,1233.076171875,1.284459352493286,25.56863594055176,38.75939012489055
457.6288452148438,1494.114868164062,1149.969360351562,0.9971526265144349,79.21270751953125,24.10341144732089
1197.612670898438,1049.58154296875,1119.199096679688,1.542622804641724,63.78665924072266,43.11759128652965
963.6449584960938,824.4468383789062,1339.440063476562,0.6065205335617065,78.59219360351562,34.3956776810406
1348.624633789062,637.3677368164062,1073.826538085938,1.450488805770874,81.73680877685547,42.2979428505989
1432.581298828125,632.3198852539062,1301.123901367188,1.26523232460022,36.35553741455078,40.1985987186149
929.8511352539062,1103.86669921875,1082.703125,1.88363790512085,55.77572631835939,37.69620809280064
916.00146484375,1084.9150390625,1086.8369140625,1.262638092041016,74.13494110107422,37.38647448108492
648.1002807617188,916.9738159179688,1317.206420898438,0.8724738955497741,46.57607269287109,24.23611469957498
1397.04443359375,585.1425170898438,1099.057861328125,0.7046432495117188,48.35756301879883,48.13797900522408
644.3086547851562,908.7960815429688,1327.806030273438,0.6557907462120056,28.1348762512207,31.9738195749058
1260.848510742188,967.0574951171876,1269.745361328125,1.592970609664917,16.49027061462402,48.93337745504751
775.6868286132812,506.5989990234374,1204.526245117188,1.873486280441284,93.518310546875,21.00500711068204
1238.065063476562,728.4855346679688,1177.090576171875,1.289351940155029,74.10525512695312,37.03955980200774
1058.17529296875,1123.355102539062,1195.17822265625,0.9217521548271179,50.69148254394531,45.75651966875265
1266.08349609375,533.9141845703125,1294.893798828125,1.198405265808105,48.77539825439453,37.42971929215469
1449.85595703125,624.1131591796875,1068.684448242188,1.994407773017883,46.85139465332031,48.32418468443254
1220.297241210938,838.3557128906251,1209.050170898438,1.555448532104492,77.68431854248047,39.21649595191374
1442.745971679688,1058.406860351562,1223.442138671875,1.580700993537903,63.86103057861327,46.05368912882635
1280.319946289062,873.1680297851562,1343.543212890625,1.21243155002594,13.58931064605713,44.79336185955009
1124.076416015625,959.2633056640626,1213.19921875,1.804475545883179,47.86199951171875,38.14399491245045
470.5881652832031,548.8150024414062,1073.7060546875,1.658454895019531,95.67683410644531,12.73801902914276
1051.110107421875,733.6452026367188,1181.8759765625,1.883455991744995,67.53822326660156,30.64389214644048
1397.2392578125,1152.417602539062,1324.571655273438,1.390074491500854,48.70119857788086,51.50584588564918
1347.866577148438,1042.728881835938,1217.7080078125,1.133943796157837,13.02733421325684,49.28658708346288
457.591796875,1462.285034179688,1255.703247070312,1.538880348205566,53.14254760742189,19.06079831951522
1388.097412109375,826.7083740234375,1291.999145507812,0.6246982216835022,74.4509048461914,46.43037322202265
701.546875,1022.139953613281,1070.744995117188,1.927257061004639,74.33164978027344,23.84042886009338
747.2958374023438,876.0221557617188,1054.991455078125,1.657459378242493,91.0937271118164,25.17453814122802
901.4850463867188,821.053466796875,1047.840209960938,1.328430652618408,37.93616104125977,36.65685089525611
685.1993408203125,1030.640258789062,1021.1728515625,0.7193281650543213,54.40649032592773,39.949911419039
852.081298828125,691.7698974609375,1255.726928710938,1.375355005264282,61.5196876525879,28.93839842514672
1021.573303222656,550.571044921875,1110.90869140625,1.363224625587463,24.29218292236328,36.65759437981725
1117.429931640625,510.1965026855469,1092.6728515625,0.649230420589447,84.13101196289062,36.84169232997814
1350.753295898438,1292.878295898438,1069.759521484375,0.5100761651992798,46.35869598388672,55.54927755092756
924.9714965820311,953.541748046875,1201.456298828125,1.626400709152222,17.09191131591797,40.7484498476575
489.1681213378906,879.5086059570312,1230.185180664062,0.9447599649429322,74.02840423583984,20.87762221964404
1467.629760742188,1047.32666015625,1274.973876953125,1.168821096420288,94.9572525024414,47.01900758463766
921.54736328125,941.3262329101564,1317.265380859375,1.061667084693909,21.75165939331055,34.21956731872471
1247.643920898438,873.3533935546875,1215.331298828125,0.8118470311164855,34.55105209350586,46.56757139181448
1307.679565429688,1292.145141601562,1213.148803710938,0.9521172642707824,95.22430419921875,48.74021120162092
1069.879272460938,600.0771484375,1075.763549804688,1.722422361373901,61.84535217285156,36.12908073124593
1143.961791992188,1310.336303710938,1115.351928710938,1.088609457015991,95.49845123291016,49.04974306300986
1169.56982421875,1421.278076171875,1085.493408203125,1.403730392456055,93.35432434082031,46.75410523469641
1184.7265625,1238.592163085938,1213.201904296875,1.307814478874207,20.32322120666504,53.07467940410098
1126.341796875,636.0538330078125,1062.291870117188,0.9921655058860779,89.04000091552734,42.03115664649447
536.0435791015625,1086.79638671875,1317.312744140625,1.601797342300415,55.09145355224609,18.74836438429833
735.4069213867188,928.8692016601562,1316.569702148438,1.302813053131104,52.61316680908203,30.60163072685038
460.95361328125,961.4901733398436,1126.1201171875,0.5061671137809753,46.69573974609375,25.74853123229445
850.0100097656251,901.3057861328125,1076.849975585938,1.225557327270508,13.32517719268799,41.05552110423348
786.0269775390625,1323.115600585938,1202.091918945312,0.7256978750228882,24.88190460205078,40.48340793403115
972.7960205078125,902.1069946289062,1106.246826171875,0.5302274227142334,36.88214111328125,39.62452215276746
1153.074951171875,1238.63720703125,1257.02978515625,1.129390001296997,70.27404022216797,42.50364858537356
728.856689453125,870.6896362304688,1064.171997070312,0.7803956270217896,99.10332489013672,29.54620473058149
1319.58447265625,1271.681396484375,1171.992431640625,1.669318914413452,95.30134582519531,44.19186121561128
564.8854370117188,548.5039672851562,1327.276000976562,0.6925640106201172,67.34300231933594,19.9519732102181
1103.683349609375,1301.781494140625,1118.183227539062,0.8176119923591614,76.25882720947266,50.5166185383468
1148.077880859375,1419.837646484375,1156.054809570312,1.712516903877258,25.18638801574707,58.49467049331049
1342.016845703125,1243.963500976562,1001.505187988281,0.5526666045188904,79.67730712890625,65.06661637928146
538.317626953125,916.3813476562501,1272.599487304688,0.982857882976532,70.12904357910156,20.43983576303749
811.3072509765624,1174.376953125,1323.706665039062,0.7051618099212646,88.41259002685547,34.0364541668951
855.3050537109375,846.8641967773439,1215.416259765625,1.754055738449097,63.26613998413087,30.31380459561672
1138.281005859375,452.6410827636719,1244.137573242188,0.9063206911087036,82.67669677734375,32.70183627807157
1407.4248046875,689.0537109375,1196.58251953125,1.754932403564453,19.10819244384766,47.69710829208073
1135.935913085938,1467.039306640625,1004.443908691406,0.7507897615432739,47.3962287902832,61.19988679349875
759.0440063476562,930.07470703125,1089.130615234375,1.487048268318176,66.1017837524414,31.80710879960905
530.483642578125,916.8699340820312,1033.914916992188,1.039642214775085,43.03144836425781,26.82236377616687
1097.684692382812,1109.259765625,1344.673950195312,1.439854621887207,11.7232551574707,44.07999574863895
951.9852905273436,793.23876953125,1142.322875976562,1.82613205909729,93.79853057861328,29.67103558595761
1492.618041992188,1204.928588867188,1268.106689453125,1.972683429718018,46.08445358276367,52.41195664310831
1335.325561523438,873.2713012695311,1050.4375,1.937353610992432,57.55810928344727,48.04179140472256
1191.280151367188,763.4825439453125,1159.202026367188,1.75141978263855,26.33956718444824,42.42837786148419
1261.81005859375,528.04833984375,1260.822265625,1.458053350448608,67.11234283447266,37.32948243643937
659.4093627929688,677.572998046875,1197.417114257812,1.93201732635498,53.30065917968751,25.50057035671377
669.0130004882812,894.5526733398438,1152.780639648438,0.970084846019745,99.95771789550781,26.12299448527721
1026.36328125,1076.635009765625,1321.302124023438,1.695485949516296,19.01323127746582,41.11336812399992
650.5062866210938,1123.88232421875,1276.7314453125,1.474523544311523,68.29340362548828,25.70610643228128
734.6356201171875,1313.900024414062,1184.8466796875,1.785353541374207,89.3937759399414,24.62841693169422
474.9126586914062,1365.349243164062,1107.304931640625,1.713638782501221,28.53635025024414,28.11312808439791
1333.002685546875,1005.948120117188,1232.387573242188,1.061377286911011,17.98286628723145,50.99292843883094
697.4270629882812,744.2083740234375,1231.369750976562,1.483632326126099,91.94796752929688,15.3392189746607
823.6848144531249,1119.528564453125,1297.391479492188,0.9373431205749511,87.54292297363281,29.12931317040106
1334.677001953125,804.0485229492188,1280.804321289062,1.22677743434906,37.76207733154297,43.99241552155674
477.9222412109375,544.4371948242188,1280.863647460938,1.189377069473267,56.92612457275391,12.788033341749
1355.380859375,844.2927246093751,1272.14404296875,1.10021710395813,43.11403656005859,44.00892110212395
834.2347412109374,499.8161926269531,1273.1279296875,1.871795177459717,85.74415588378906,19.99655375538184
1025.280639648438,564.2258911132812,1079.101440429688,0.9155642986297609,21.83827209472656,35.7347298133294
1421.832275390625,1435.139404296875,1019.844482421875,0.9016933441162109,23.62631988525391,66.21766445191393
1435.363037109375,605.5818481445312,1125.809448242188,0.7850109934806824,63.29540634155273,46.74879942313159
1438.894775390625,500.3826904296875,1039.717895507812,1.794039487838745,19.17561149597168,49.53138979299074
1218.973510742188,769.2197875976562,1284.091674804688,0.7630844712257385,86.15476989746094,41.77249083320483
919.327880859375,549.8916015625,1236.204467773438,0.7378513216972351,21.4707145690918,32.26424406247792
1277.302612304688,1212.951904296875,1060.06494140625,1.735995054244995,30.44246673583984,56.65360475557475
1073.178466796875,1014.718383789062,1238.753173828125,1.355104207992554,83.26769256591797,36.48327552172745
784.1246337890625,596.3189086914062,1221.344116210938,1.55785059928894,17.21319961547852,29.82981797516902
1191.538818359375,715.03955078125,1172.59814453125,0.5589326024055481,56.39083099365234,40.80852175673554
885.2733154296875,1144.40283203125,1088.370727539062,1.845246315002441,75.22575378417969,33.65119428454044
963.0308837890626,1270.18603515625,1160.933715820312,0.5925471186637878,37.90351486206055,45.44030979568495
1205.60986328125,1201.85009765625,1176.562866210938,0.7758296132087708,26.98776054382324,48.08966823681818
661.75830078125,805.6856079101562,1040.708129882812,1.750310301780701,65.97360229492188,26.63754058684265
753.4864501953125,1282.924194335938,1306.600708007812,1.375142574310303,99.09183502197266,27.57740012494665
1254.627685546875,649.9634399414062,1191.783569335938,0.8494744896888734,22.90186500549316,42.18488748843326
707.2506103515625,1399.454223632812,1255.80859375,1.502115964889526,90.78548431396484,25.15694233701567
1229.109375,499.1048583984375,1250.0859375,0.613135576248169,67.39202117919922,36.09335457438963
1113.576049804688,723.546630859375,1314.099609375,1.820605635643005,66.06385803222656,33.04876058570591
628.5132446289062,987.1152954101562,1150.614990234375,1.860979318618774,54.94802856445312,22.30226665252517
1220.990966796875,623.0178833007812,1300.308349609375,1.027442812919617,26.42709350585938,39.42263020802978
1050.818725585938,1305.823608398438,1138.66796875,1.174673795700073,38.21807098388672,47.81523742437489
757.2281494140625,1339.016479492188,1226.99072265625,1.377730011940002,31.86007881164551,38.31628691095617
864.2937622070314,1444.052978515625,1014.729431152344,0.5511427521705627,14.56756591796875,24.26189279063872
813.4692993164062,820.8302612304686,1036.1943359375,1.15310263633728,54.72254180908202,37.294490514956
1408.434326171875,660.600341796875,1091.749145507812,0.7976261377334595,16.14543533325195,42.84319468332576
925.8994140624999,1340.952026367188,1329.839477539062,1.210570096969604,13.52715873718262,43.63881707619349
1090.40576171875,1263.318115234375,1139.764526367188,0.754067599773407,83.7131118774414,47.60326277886759
1354.236328125,821.7677001953126,1175.509765625,1.157457590103149,58.46386718749999,45.02367975911398
922.7280883789061,1497.165649414062,1084.544311523438,0.9451029300689697,82.74374389648438,44.43240176286095
1230.8017578125,911.6231689453125,1033.055053710938,0.6728478074073792,63.35735702514648,53.41467101898969
994.0887451171875,895.0823364257812,1277.231689453125,0.9008681178092957,31.83874893188477,37.99814584626682
682.62060546875,1036.020751953125,1280.87744140625,1.968384623527527,30.10518455505371,29.04507550721407
1177.525146484375,1420.525024414062,1158.413696289062,0.7254570126533508,76.87842559814453,51.98001022701398
628.4602661132812,799.7850952148438,1339.090698242188,1.543716430664062,12.56763553619385,26.13417641242753
1051.191284179688,952.8955078125,1159.061401367188,0.9792065024375916,90.60467529296875,39.69496350793937
508.3769226074219,517.5055541992188,1269.026977539062,0.9554998874664307,65.77006530761719,18.48863986819879
555.8976440429688,830.79052734375,1057.280029296875,1.040660381317139,14.78150939941406,30.82822118399342
1003.569396972656,812.3399047851561,1103.096069335938,0.7609117031097412,76.96141052246094,36.3112925504203
493.2162475585938,1347.670654296875,1305.00341796875,1.959740161895752,62.12690734863281,20.08118590217579
1259.433471679688,1254.219848632812,1080.12353515625,0.6775439977645874,17.20817947387695,40.11357679857064
544.8780517578125,688.689453125,1133.167358398438,1.870769500732422,55.63963317871094,15.47502985153534
940.6118774414062,1031.373657226562,1126.969848632812,1.705379247665405,32.0615119934082,45.76939650829998
897.4943847656251,1389.026733398438,1272.094116210938,1.866410255432129,37.58845138549805,38.13448607147782
751.5944213867188,1074.853393554688,1212.891479492188,1.283235311508179,67.06893920898438,27.00604855475159
1151.617919921875,1314.481323242188,1018.780700683594,1.060183525085449,47.04801177978516,55.29526035900076
781.4793090820312,593.623291015625,1178.978881835938,1.480153918266296,44.4886474609375,27.40056754473009
1263.115600585938,1220.291015625,1166.950805664062,0.9718574285507202,24.08148956298828,55.28916193354726
1424.741455078125,697.582763671875,1342.713989257812,1.160506725311279,92.32976531982422,37.91531220485805
1488.445922851562,1115.187377929688,1072.150634765625,0.9828285574913024,59.1428337097168,63.89852947564654
807.7764892578125,462.1710205078126,1148.15087890625,0.9607677459716796,44.81180191040039,26.52753842843709
610.4349365234375,1245.146484375,1282.164672851562,0.6819637417793274,84.1229019165039,26.64264311556362
533.4579467773438,1322.865844726562,1284.908935546875,0.7717887759208679,83.75079345703125,27.57415016362054
608.141845703125,795.7550048828125,1009.831298828125,1.897347211837769,39.96054458618164,29.37092476534499
1044.859375,1203.140991210938,1266.068115234375,1.332168817520142,14.4190788269043,45.04124137434763
819.7530517578125,1396.950927734375,1313.030517578125,0.9828541278839111,80.34427642822266,31.78846523447802
1197.100219726562,822.7849121093749,1247.341796875,1.933198690414429,69.7487564086914,37.79644553507535
866.2952270507812,793.398193359375,1164.0,0.931040644645691,22.01992225646973,32.85855788252665
1022.517333984375,760.7418212890625,1207.904174804688,1.046296238899231,45.60706329345703,34.69680779815013
742.1013793945312,850.5206909179688,1023.163513183594,1.990049362182617,37.29318237304688,33.9681144985868
1377.38037109375,1211.777954101562,1314.665771484375,1.878047704696655,60.47892761230469,45.34891633339858
1302.690673828125,586.3014526367188,1156.272216796875,1.442291736602783,14.29785346984863,44.76340032722868
874.2138061523438,1439.79541015625,1141.00244140625,1.485730886459351,91.95394897460938,36.22506909555712
1480.270263671875,912.5867309570312,1165.810791015625,1.830635666847229,36.43708419799805,51.64426118098535
1317.607788085938,991.3591918945312,1333.636840820312,1.343622922897339,80.34373474121094,38.26655630420898
978.6351928710938,592.8211669921875,1228.124633789062,1.38444447517395,79.68229675292969,31.18128200915105
1203.370361328125,635.1715087890625,1210.886840820312,1.854061365127563,19.7896556854248,43.34120165924043
1241.805297851562,533.7467041015625,1185.1435546875,0.7754598259925842,38.82304000854492,41.47282943419653
1416.66650390625,1052.662719726562,1216.824462890625,1.62380576133728,85.44185638427734,45.5674103648484
791.894287109375,1303.364990234375,1117.2421875,1.803881645202637,66.7134017944336,37.81072315329989
821.6990966796875,1293.01513671875,1268.70556640625,1.182031035423279,64.93108367919922,34.10865622158941
1137.00146484375,1030.620483398438,1231.197509765625,0.6541290283203125,59.53648376464844,44.76287804927138
1430.7548828125,1289.42041015625,1006.11572265625,0.8651729226112366,54.93051910400391,66.65338571625445
1459.251098632812,952.6807250976562,1330.352294921875,1.692125082015991,77.7359390258789,45.57408693596632
1407.171142578125,453.5365600585938,1265.051391601562,0.9036316871643066,78.451171875,42.62125623051466
759.2861938476562,1376.722412109375,1183.272583007812,1.233738899230957,31.86824417114258,40.13440884431248
1155.66796875,656.5711669921875,1252.02490234375,0.8660011887550355,16.060546875,38.81087254440892
452.1352844238281,579.4133911132812,1196.932739257812,1.023130893707275,97.52220916748047,11.06019353950466
1144.981201171875,1072.241943359375,1184.231323242188,1.246296048164368,58.4222526550293,43.4242617429078
864.2744750976564,1378.252319335938,1051.221557617188,1.427275776863098,47.87391662597656,42.83474666265467
905.9339599609375,977.5418090820314,1278.974853515625,0.5222930908203125,64.46488952636719,35.07744672489422
1029.56689453125,1194.279907226562,1030.462890625,0.8590991497039796,65.9847183227539,52.61800191275925
1306.976318359375,1461.047607421875,1121.748413085938,0.6351624131202698,65.87934112548828,59.04126209508888
1031.501586914062,558.1569213867188,1304.88232421875,0.8867414593696594,66.37898254394531,30.22743378334232
742.7720336914062,1328.780639648438,1060.487548828125,1.697577714920044,48.43014526367188,38.02725650527707
680.0393676757812,701.3955688476562,1049.367797851562,0.6252711415290833,13.15723896026611,28.53421674183291
521.3724365234375,1152.96630859375,1153.056884765625,1.863208055496216,97.70771789550781,15.46340708688412
1169.214599609375,1064.574340820312,1346.23046875,0.7230802178382874,44.63756561279297,49.7918768845373
1162.630249023438,1110.034545898438,1194.115600585938,1.945856094360352,92.71443176269531,36.54665174491372
569.482177734375,1248.383666992188,1080.5126953125,0.6045945286750793,82.21942901611328,33.77326555257864
1431.194580078125,655.4205932617188,1121.2861328125,1.522936820983887,98.72557830810547,43.27446032013608
612.298583984375,1486.439331054688,1251.552978515625,0.8894522786140441,97.1975326538086,31.08095044288983
815.7305297851562,660.3519287109375,1162.3349609375,1.659552931785583,25.78692436218262,31.92794530944579
775.0859985351562,859.4346313476561,1311.401733398438,0.5171729326248169,98.32687377929688,29.34869828355187
1229.609985351562,730.2402954101562,1174.582763671875,1.905651092529297,46.31430816650391,38.11344566174874
735.4799194335938,868.0017700195312,1087.793579101562,1.790915250778198,52.16529083251953,29.34484775787054
1361.93994140625,1009.503784179688,1279.461181640625,1.144957900047302,61.90293121337891,49.48904143870696
680.5338745117188,581.3171997070312,1143.763671875,1.376922130584717,31.32006454467773,25.14249706331903
814.8181152343749,1440.093627929688,1006.3388671875,1.797766804695129,19.61541938781738,50.81963268971403
1249.24609375,1003.082458496094,1078.665649414062,0.661124050617218,95.94293212890625,50.83340962155914
605.198486328125,613.430908203125,1214.933227539062,1.464758038520813,39.71957397460938,23.501451471914
1263.736450195312,1012.076293945312,1291.13623046875,1.205006122589111,41.51963424682617,44.09817226725942
881.0640869140625,1026.14501953125,1015.703186035156,1.738761067390442,35.18355178833008,45.8539424070004
1444.262939453125,1058.535766601562,1302.984985351562,1.979435324668884,18.90069580078125,49.61788246733996
1107.106689453125,964.5623168945314,1035.252807617188,0.8585476875305176,80.45886993408203,45.3652151112877
676.1175537109375,1277.078735351562,1305.348266601562,1.892136096954346,64.73055267333984,25.6040388568357
1499.109375,1119.538452148438,1106.311279296875,0.6488191485404968,63.09964752197267,61.2426171933769
956.73583984375,1363.880981445312,1028.380981445312,1.707168817520142,76.44343566894531,43.60104668950009
1365.731323242188,1326.170166015625,1045.132446289062,1.570854902267456,14.84029293060303,64.41659354980831
1227.1611328125,903.187744140625,1184.638061523438,0.8206264376640319,65.4186782836914,45.3110414323444
1129.281005859375,622.4987182617188,1278.65283203125,0.578295111656189,92.77078247070312,35.89647324462138
607.8052368164062,542.103759765625,1129.404052734375,0.6512587070465088,36.00382232666016,28.51112550653763
726.7352905273438,1219.95166015625,1070.248168945312,1.937535285949707,57.01664733886719,33.34133587774559
633.908935546875,1256.651977539062,1240.140991210938,1.766560196876526,11.60640716552734,37.65401316204184
749.270751953125,682.7442626953125,1197.639526367188,0.8368520140647888,52.884765625,27.3483609954684
1414.24658203125,1077.437744140625,1153.243408203125,1.870883464813232,16.31194686889648,59.0881559021261
724.9359741210938,1175.03955078125,1330.546875,1.35479462146759,15.37240028381348,36.23385146800675
1383.075439453125,1250.98388671875,1321.49951171875,1.002553939819336,15.44845676422119,52.8161171694418
597.8427734375,469.082763671875,1218.307006835938,1.644997596740723,56.47001266479492,21.50650242043263
1208.9833984375,529.7738037109375,1034.244384765625,1.707377433776855,72.71383666992188,37.54588846137372
1044.522705078125,868.1602172851562,1218.006958007812,1.164028167724609,83.92723083496094,34.31152780283058
1429.083251953125,1103.269653320312,1279.50390625,1.326705098152161,30.62938499450684,51.23656684762924
1323.75,834.7661743164062,1220.953491210938,0.548564076423645,98.1639404296875,45.72837442383297
1097.28466796875,1424.355834960938,1002.713745117188,0.9879762530326843,57.11205673217773,56.06055695122032
1421.557006835938,1078.115478515625,1084.809326171875,1.370885848999023,64.58649444580078,54.9286607461635
909.4176635742188,843.8654174804688,1182.47802734375,0.5176158547401428,84.62651062011719,36.18350735734347
1341.456665039062,1064.700317382812,1038.81298828125,0.6539303660392761,98.10353088378906,54.97970137129809
804.3505859374999,694.7432861328125,1160.611450195312,0.7759749889373779,53.92378997802734,33.55780682315903
1222.98046875,1042.302612304688,1121.611328125,1.578352689743042,22.39491653442383,49.65279636142756
1355.149169921875,1325.12158203125,1148.403930664062,1.823461651802063,42.44027709960938,55.94729729668354
1247.3720703125,1120.810791015625,1220.746704101562,0.8175522685050964,69.9759292602539,47.593203062957
968.8765869140625,484.9099731445312,1174.25146484375,1.506176710128784,19.87822151184082,34.41248975632196
1261.23291015625,725.3551635742188,1117.996337890625,1.919569969177246,51.51274108886719,44.4458008034054
1166.298217773438,964.1005859375,1004.64697265625,1.456205606460571,32.59130096435547,50.38877572215577
1281.301513671875,1086.871704101562,1069.557250976562,1.840087056159973,88.07349395751953,46.04368309359903
1295.716918945312,1169.90966796875,1088.102661132812,1.902615308761597,70.50199127197266,48.43814832301909
596.2552490234375,1256.026245117188,1095.478393554688,0.6279546022415161,78.47936248779297,32.48778697581614
1145.55908203125,587.9768676757812,1024.827514648438,0.5168846845626831,83.11470794677734,43.15499115717919
665.0200805664062,757.4443359375,1329.7578125,0.8508520722389221,55.89839935302734,25.41564526165625
1372.253662109375,1144.59033203125,1222.653076171875,1.149692296981812,59.25939178466797,51.90014731105837
824.26318359375,1339.1201171875,1257.421142578125,1.766598105430603,98.45823669433594,26.00401626275639
699.4887084960938,926.1072998046876,1082.144653320312,0.7673059105873108,18.80140113830566,35.61236149881366
1499.29736328125,812.5340576171874,1238.387451171875,1.782853722572327,94.65180206298828,40.12076703243287
1057.565795898438,700.1055908203125,1216.768188476562,1.810346364974976,80.05115509033203,29.83303675687719
1256.510375976562,617.6011962890625,1157.068115234375,0.7244755029678345,57.03673934936523,44.02161621635318
484.375,592.972412109375,1317.711303710938,0.9695094227790833,74.93354797363281,17.20954456116208
1310.88671875,1078.919067382812,1157.440063476562,1.386740207672119,77.95735931396484,45.9910255641518
614.4981079101562,853.6111450195312,1107.117309570312,1.472562551498413,41.85446166992188,27.24048732400329
1417.417358398438,593.599365234375,1104.48486328125,1.917021512985229,50.60922241210938,44.9825768345743
1062.37109375,468.2512512207031,1050.94873046875,1.835346937179565,42.98053741455078,35.06340987509832
994.4417114257811,816.03466796875,1172.1181640625,0.7706348896026611,60.71578598022461,39.39336433979023
559.1158447265625,1187.063720703125,1039.556396484375,1.920248985290527,37.39516067504883,26.21294294479927
697.344970703125,592.1414184570312,1201.075805664062,1.485034942626953,44.92087173461914,23.66251175655545
1050.619384765625,867.0350952148438,1073.502197265625,1.341792583465576,76.88325500488281,39.09681491367517
513.8964233398438,1414.00634765625,1346.550537109375,1.908921957015991,21.01058578491211,25.98955651095489
797.7875366210938,1133.663208007812,1246.862426757812,1.873273849487305,75.29267883300781,29.93463179915326
747.9754638671875,654.5818481445312,1199.87744140625,1.336351871490479,60.01523590087891,25.48378023186403
534.155517578125,1191.995483398438,1067.109252929688,1.359073281288147,65.6610107421875,29.17087687287036
1108.242309570312,663.4136962890625,1236.361450195312,1.399115443229675,85.73444366455078,30.82664972659752
1106.768798828125,718.716552734375,1194.934814453125,1.246703624725342,81.57978057861328,33.25112699083606
914.2312011718751,813.1336059570312,1088.577392578125,1.415883779525757,11.86495018005371,41.46916865701925
993.4716796875,513.8455810546875,1256.669677734375,1.510586738586426,74.74874877929688,24.09892210246769
526.3756103515625,1297.830322265625,1038.64111328125,1.381194591522217,68.39045715332031,27.30184127646702
561.51123046875,1027.822631835938,1301.366455078125,0.5496975779533386,51.28601837158203,28.34384871180856
742.9927368164062,958.8928833007812,1267.702880859375,1.966696262359619,71.73133087158203,24.85014388705881
884.5424194335938,723.5030517578125,1006.529602050781,0.8912069797515869,65.31410217285156,37.85542130537708
738.483642578125,1426.998779296875,1031.96240234375,0.7496718168258667,68.3335952758789,42.88042692254439
792.6741333007812,1258.4521484375,1046.56689453125,0.8514151573181152,72.25048065185547,38.96723813577201
554.13720703125,1335.362548828125,1314.7021484375,1.201982378959656,45.50255584716797,30.7401221461778
918.2893676757812,462.9966125488282,1300.622314453125,1.137559294700623,65.3608169555664,24.46679344214607
476.2238159179688,1448.412109375,1297.243530273438,1.654216051101685,62.62532806396484,15.78121765527025
472.1287536621094,586.604736328125,1006.75048828125,0.6215625405311584,80.24336242675781,19.09335703390914
1227.826538085938,496.5108337402344,1273.767456054688,0.8421812057495117,43.49077987670898,39.81607730587802
542.669189453125,644.207763671875,1239.450317382812,1.828438282012939,55.90753173828125,15.59322299813271
1083.644775390625,608.9035034179688,1145.368530273438,0.634067714214325,18.67226791381836,31.6643325532345
472.4522094726562,1446.9150390625,1178.69970703125,1.907713055610657,67.66799926757812,17.30786752106939
1137.034790039062,1315.915405273438,1170.177734375,1.969071984291077,41.97753143310547,46.59903858791863
1091.088256835938,880.693115234375,1322.4013671875,1.214483618736267,48.77080535888672,36.00417208501931
1222.4697265625,756.71533203125,1099.116943359375,0.5592251420021057,99.1401138305664,46.57877990050969
1192.434936523438,798.720458984375,1019.030517578125,1.783595323562622,85.72168731689453,42.69100238312177
473.6436767578125,698.357177734375,1133.266723632812,1.354857563972473,49.39211273193359,21.07063349200082
675.1110229492188,1296.880981445312,1247.162475585938,1.043597459793091,20.67610359191895,39.09810172945912
967.0054321289064,1486.072631835938,1076.831787109375,1.667527437210083,73.31953430175781,43.80382436548273
1307.333129882812,1341.292358398438,1255.67138671875,0.6039062738418579,52.4486083984375,49.58962338362127
734.554931640625,1481.774780273438,1220.79345703125,1.210349321365356,77.4790267944336,36.28548876485355
873.9898681640625,792.4185180664062,1316.273071289062,1.126610040664673,86.51969909667969,27.89187934539773
1168.761596679688,868.2622680664062,1188.714721679688,0.7512369751930237,17.8737964630127,41.34335753293566
1082.362548828125,552.055908203125,1263.619995117188,1.138404607772827,47.05562973022461,35.85274263905887
942.4388427734375,881.0222778320312,1182.473510742188,1.595220685005188,94.97309112548828,32.37573057949445
922.7698974609375,602.462890625,1307.638305664062,1.194894790649414,26.22689247131348,32.13721869107542
1292.894165039062,1161.815551757812,1258.517456054688,0.9028125405311584,33.97211456298828,52.63513803392334
674.48193359375,1454.579833984375,1161.026733398438,0.8135711550712585,31.98637771606445,40.04847679908448
1222.354248046875,1448.087036132812,1123.921997070312,1.575264930725098,37.46624755859375,56.11015533235565
521.0189208984375,1425.667358398438,1205.144287109375,0.7944394946098327,93.21211242675781,24.66143226963106
636.2893676757812,683.9954833984375,1147.124877929688,1.1036696434021,98.44947814941406,19.6379120570541
544.3178100585938,1185.797485351562,1076.798461914062,1.645039319992065,43.60984039306641,26.47186341766166
1207.057495117188,1264.309936523438,1041.1025390625,1.365478992462158,18.60394668579102,59.02101725096441
748.160888671875,780.2323608398438,1054.894653320312,1.782369613647461,49.19570159912109,31.36289012645037
1189.94873046875,1333.839233398438,1312.893920898438,1.033255338668823,10.67246246337891,49.29750450873856
1422.494018554688,902.0070190429686,1152.339965820312,0.5744756460189819,58.9954948425293,52.93196253193177
1097.529541015625,937.5321655273436,1201.958251953125,1.662576675415039,28.5683650970459,39.66906814211471
1250.480590820312,1369.223022460938,1124.385864257812,0.7010077834129333,31.37102508544922,57.59420234696837
468.0579833984375,984.99658203125,1102.541381835938,1.010768175125122,73.35535430908203,21.35975312412315
1102.131958007812,679.032470703125,1162.693969726562,0.7687367796897888,51.66304397583008,38.45362793533704
1395.739501953125,576.1989135742188,1088.4736328125,1.724847197532654,45.95381927490234,45.53796220047502
691.7394409179688,969.7850341796874,1280.195190429688,0.5324636697769165,53.20271682739259,28.9941078565516
1306.247680664062,869.8630371093749,1094.871459960938,1.401753425598145,79.15679168701172,45.67386156971643
961.7164916992188,787.9028930664062,1184.863525390625,0.9979213476181031,38.33554077148438,37.18835362889466
976.7801513671875,1368.308471679688,1017.631286621094,1.773730516433716,70.5956802368164,43.8137602081622
691.1577758789062,871.8289794921875,1177.358764648438,0.9236461520195006,35.06256103515625,32.45496545824744
1446.49072265625,805.4290161132812,1081.627807617188,0.5447898507118225,60.29431533813477,53.64328529573162
1313.4423828125,1074.849365234375,1258.664306640625,1.471034526824951,29.04145240783691,49.7416910608039
1070.04736328125,1157.781982421875,1053.112426757812,1.605456352233887,11.05970859527588,53.84981800283964
743.1301879882812,882.226806640625,1151.683471679688,0.6017281413078308,27.28579711914062,34.19241166493992
610.5467529296875,1414.283447265625,1243.751953125,0.524951696395874,35.01476287841797,31.53169297731871
518.2093505859375,641.974609375,1205.736938476562,0.7187861800193787,70.22992706298828,17.5368509024289
606.618896484375,1082.987548828125,1121.407958984375,1.058069348335266,90.72754669189453,25.80192721901983
661.5740356445312,1008.848022460938,1011.99072265625,1.021336317062378,43.32178115844727,32.55960073644037
678.0748291015625,1399.67529296875,1088.546264648438,1.612249135971069,76.95295715332031,30.21915321283943
1326.79541015625,1156.771362304688,1185.48974609375,1.79456615447998,46.7816162109375,51.46868408949939
450.0332946777344,1427.047485351562,1025.04541015625,1.284013271331787,11.42256832122803,38.57660813997467
1061.517700195312,1166.588745117188,1231.860229492188,0.9605460166931152,53.66897964477539,41.95622952936663
460.3106079101562,976.115234375,1267.743530273438,0.6860120892524719,87.73674011230469,18.6006153853916
1477.942749023438,1256.966674804688,1159.817138671875,1.241154193878174,24.44216156005859,62.73642513028472
580.4273681640625,1446.385620117188,1251.415283203125,1.042936563491821,86.01445007324219,25.18803930794587
663.1776123046875,1003.682800292969,1208.663330078125,0.5620748996734619,41.53186798095703,32.1108834406575
678.0883178710938,535.1707763671875,998.5889892578125,1.37105917930603,67.94847869873047,25.46563493820392
634.82666015625,952.5093994140626,1166.258666992188,0.8913875818252562,64.27029418945312,26.47472547172728
1052.98876953125,805.6568603515625,1121.812866210938,0.9183478951454163,92.6453628540039,36.99444754184756
1086.73876953125,1178.402465820312,1175.099731445312,0.5350330471992493,62.22866058349609,45.88260406028197
1045.322509765625,1088.308715820312,1062.676147460938,1.117038011550903,38.9944953918457,46.01834381764999
1423.89501953125,738.6038818359375,1204.141845703125,0.9246137142181396,37.66184616088867,47.26195598838034
572.0626831054688,1012.68896484375,1041.928344726562,0.776047945022583,79.49005889892578,30.71370233857075
1401.117797851562,1062.276245117188,1225.680297851562,0.9525514245033263,50.62924194335938,52.49917910904296
1255.878662109375,1462.738159179688,1126.103637695312,0.5680209994316101,88.01972961425781,56.57520153896071
605.9949340820312,1065.263793945312,1299.399536132812,0.8836397528648376,14.7851676940918,30.24467544692338
974.4637451171876,833.0537719726562,1342.76708984375,1.058583498001099,48.39102554321289,30.58705518556033
1407.884643554688,1061.295166015625,1121.050903320312,1.554951429367065,85.3367691040039,47.38483007330923
1415.028930664062,709.3052978515625,1092.403198242188,1.879240274429321,93.91101837158203,46.956295523592
854.40234375,845.18505859375,1257.0009765625,0.9712691307067872,13.83211517333984,34.85156338709428
1098.452026367188,651.2220458984375,1246.034790039062,1.292007207870483,70.94892883300781,34.84500501836742
879.3689575195312,1276.557373046875,1154.610107421875,1.010005593299866,66.35881042480469,40.34615413960361
897.2756958007812,1257.918823242188,1270.776000976562,1.73478639125824,70.44831848144531,32.84128933718284
1380.139892578125,705.8135375976562,1187.90283203125,1.042091965675354,76.51288604736328,45.41679480484663
1250.6806640625,1411.975219726562,1252.385131835938,1.809067249298096,83.39826202392578,40.97579869581621
1191.322631835938,776.0465698242188,1215.88037109375,1.254289627075195,81.19847869873047,37.68339344614544
986.438232421875,1366.69873046875,1130.732055664062,1.306747198104858,64.19637298583984,47.31875257511227
911.43115234375,1455.595092773438,998.324951171875,1.013087034225464,71.54008483886719,47.43422167821373
1341.828247070312,1470.393432617188,1242.841918945312,1.011597633361816,57.23612594604492,54.91845848833634
768.098876953125,1152.05126953125,1021.362915039062,1.360791206359863,31.20355987548828,40.95039808491443
1317.844970703125,1225.048583984375,1103.04345703125,1.657135963439941,31.3155689239502,57.09230077086421
455.2956848144531,1219.451049804688,1148.06640625,0.9162116050720214,59.85866165161134,26.46330122716969
771.4722290039062,1179.279052734375,1120.386596679688,1.530781149864197,28.36665153503418,41.645586859442
747.3168334960938,1451.222778320312,1253.474853515625,0.9298513531684877,54.14221954345702,38.94397708827521
737.0331420898438,1086.4912109375,1331.685424804688,1.454806685447693,46.09083938598633,28.94959560692384
1088.84228515625,512.2872314453125,1034.38623046875,0.5916403532028198,96.75750732421875,40.66607748431929
1289.301147460938,546.0025634765625,1318.781494140625,0.929632842540741,44.31116104125977,40.12472137289645
1118.578247070312,978.4605712890626,1065.25634765625,1.085353374481201,42.43899154663086,44.93926306831604
685.30810546875,1247.838256835938,1137.106323242188,1.338539600372314,48.62184524536133,38.99459667968661
1040.587646484375,659.8960571289062,1128.446411132812,1.06425929069519,39.72736358642578,41.74720590505558
519.0000610351562,694.5810546875,1229.213623046875,1.887064695358276,45.7754020690918,17.2198898375469
906.4039916992189,867.748291015625,1116.84912109375,1.516323804855347,35.13819885253906,37.94000523155312
1330.324096679688,807.0117797851562,1075.435668945312,0.6530842185020447,93.18976593017578,52.0534454357827
645.652099609375,778.43505859375,1301.250854492188,1.535341739654541,62.79331970214844,20.32877231902518
712.8585815429688,1205.285400390625,1087.067504882812,0.7527737021446228,78.72159576416016,38.03640624799036
1164.028198242188,611.947021484375,1128.697021484375,0.9925821423530579,41.76415634155273,43.08747954846132
845.612548828125,1263.455444335938,1012.667297363281,1.028046846389771,69.73615264892578,40.98253995699206
1142.721069335938,1129.685546875,1004.951477050781,0.7537602186203003,84.07837677001953,50.80203108653545
785.716064453125,551.5242919921875,1138.596801757812,1.632010698318481,48.54818344116211,27.83725878170514
1212.46044921875,1352.781372070312,1196.266479492188,1.410658359527588,50.11492538452148,51.27361870039141
507.00732421875,1027.20947265625,1144.251586914062,0.9872150421142579,25.72374153137207,31.50415211110641
928.4898071289061,773.2411499023438,1147.027587890625,1.882714509963989,20.56292533874512,36.60566017430585
1121.173583984375,518.86865234375,1226.628295898438,1.330145120620728,57.77222442626954,32.77984632857981
795.3906860351562,542.773681640625,1088.5205078125,0.6887475848197937,54.27829360961914,26.32503245020045
1130.596435546875,705.0635375976562,1207.17626953125,1.768892049789429,21.60416984558105,37.66159335474879
484.4420776367188,569.8521728515625,1192.987915039062,1.33789324760437,38.32232666015625,18.46990275816465
746.1204833984375,461.4741821289062,1003.802856445312,1.677943706512451,85.96597290039062,24.65145094120367
1430.489013671875,480.5006103515625,1111.422607421875,1.698938488960266,31.50967407226562,46.36634614347179
912.4805908203125,825.0549926757812,1112.684204101562,1.44536566734314,19.0981502532959,39.18306835907351
1468.725830078125,1406.776245117188,1049.220581054688,0.7597916126251221,67.30477142333984,66.52258845881548
1197.172607421875,836.5160522460938,1054.361328125,0.6470678448677063,54.84668350219727,49.29723234266915
1124.080932617188,901.3717651367188,1235.09765625,1.167971968650818,10.37559509277344,42.77956078991869
498.5274353027344,600.7260131835938,1099.006103515625,1.008245348930359,29.38908767700195,25.64382117819486
781.47802734375,1284.299926757812,1292.08935546875,1.945302724838257,19.35705757141113,37.76784186810494
867.4542846679688,1091.389770507812,1237.615478515625,1.017654538154602,31.70161437988281,36.30246550358392
740.2095947265625,909.8590087890624,1102.13232421875,1.615762710571289,36.71775054931641,29.86052719307014
946.5780639648438,1175.652099609375,1222.9423828125,1.066119194030762,87.20230865478516,39.69992941001114
1266.825927734375,1135.4501953125,1172.397094726562,0.6904742121696472,69.17958068847656,49.34170770258812
1463.958374023438,1483.203369140625,1158.59912109375,1.842954158782959,36.98814010620117,63.11453567755145
637.9571533203125,1140.037841796875,1097.165283203125,1.458097219467163,45.06312561035156,31.12262304459588
1041.898071289062,1266.280639648438,1238.613891601562,1.837223052978516,65.14957427978516,37.57073502962667
1057.469360351562,604.449951171875,1059.482177734375,1.612370252609253,87.26509857177734,32.96084896693386
1233.0224609375,1341.367553710938,1076.9775390625,1.66330361366272,25.61905097961426,60.65368453073481
1269.854736328125,1292.408447265625,1120.190063476562,1.107580780982971,29.50553894042969,57.59353005751167
649.005126953125,852.7232666015625,1318.077880859375,0.6590814590454102,93.38963317871094,24.4025997155597
1310.178833007812,1238.654174804688,1050.402099609375,1.051737546920776,55.12078475952148,55.00542486555258
1165.0869140625,1261.074951171875,1040.177368164062,1.7953782081604,89.07401275634766,45.4058241081328
614.3657836914062,814.9669799804688,1238.925659179688,1.773162841796875,99.58938598632812,16.9845341258946
629.6239624023438,1402.89306640625,1006.134094238281,0.9065669178962708,16.78093528747559,43.8303381278603
1316.478271484375,1102.302856445312,1093.31201171875,1.50557279586792,98.51763153076172,49.37104886982972
661.8451538085938,1139.466064453125,1260.687255859375,1.63577675819397,41.07966613769531,28.70698806478507
921.4566650390625,517.7565307617188,1325.9736328125,1.207570791244507,34.1330680847168,29.30660168653002
552.7195434570312,1029.557739257812,1254.840698242188,1.276986956596375,87.36791229248047,22.43982647146409
1171.942138671875,868.9169921874999,1160.430419921875,1.577162027359009,16.84207916259766,43.47190536762159
477.9555358886719,1449.342041015625,1338.573608398438,1.805500149726868,14.28588008880615,28.6767015077704
1131.5068359375,1085.85009765625,1082.955810546875,1.284672975540161,20.52631759643555,54.81560867225142
1057.234375,1306.798583984375,1035.907958984375,0.6106187701225281,54.82844543457032,55.91267119945419
1361.135009765625,680.2168579101562,1222.877197265625,1.94139838218689,50.60483551025391,42.36678903679227
483.7783203125001,508.6065979003906,1028.170288085938,0.8674914240837097,10.59689903259277,25.18758694035473
1465.32373046875,667.81640625,1310.603393554688,1.242121815681458,84.91748809814453,41.73446231326157
694.7857055664062,624.4246826171875,1135.119506835938,0.786185622215271,18.0600700378418,32.89621907076278
653.9231567382812,609.9428100585938,1230.328002929688,1.768630981445312,33.78561401367188,23.55186309654152
1037.770629882812,586.6937866210938,1077.941650390625,1.862427353858948,22.25700759887695,38.4529512222886
544.1390380859375,921.1410522460938,1337.992065429688,0.9240198731422424,32.37475204467773,25.68935060630793
817.6935424804688,1443.877319335938,1173.74267578125,0.8065745234489441,52.89605331420898,43.94953253756561
812.89501953125,572.4872436523438,1131.691772460938,1.52665638923645,19.25550842285156,28.82728852796787
580.7189331054688,1097.952392578125,1335.8427734375,1.514676809310913,96.08258056640625,17.93786290885345
702.6854248046875,1341.733154296875,1265.204223632812,1.197222948074341,96.00759887695312,26.68761830465015
473.8191833496094,909.0902099609375,1179.498291015625,1.18135142326355,10.72175025939941,31.37894524699035
843.9827880859376,1216.878784179688,1045.679077148438,0.794872760772705,11.10005950927734,36.0535177844091
1324.500122070312,628.5690307617188,1063.436157226562,1.714900851249695,47.25014495849609,45.47196733617358
660.5115966796875,740.1578979492188,1233.343139648438,1.958581209182739,44.82792663574219,22.91658999263986
1329.098510742188,864.8050537109375,1323.790161132812,0.9077009558677674,21.01753807067871,44.06475430746704
895.296630859375,1473.050537109375,1102.980712890625,1.357407450675964,86.25374603271484,41.82426618023037
658.9459838867188,1463.039428710938,1341.69775390625,1.096956014633179,31.34103965759277,39.09576799767277
943.1429443359375,1382.663452148438,1226.224487304688,0.7840664982795715,57.54079055786134,44.86317627357093
1006.270812988281,575.886962890625,1267.20654296875,1.462905645370483,49.6561164855957,29.98186904320903
1370.817016601562,1115.626831054688,1197.963500976562,0.65715491771698,30.90669250488281,48.95368841801621
777.53369140625,822.03466796875,1130.536743164062,1.774697542190552,58.62792205810546,24.07685038633895
1324.968139648438,732.2598266601562,1213.973022460938,1.057647705078125,71.27510070800781,42.26574975019163
1016.183227539062,1489.89306640625,1334.807373046875,1.300801277160645,67.37749481201172,40.95597190950688
1165.695434570312,1011.816528320312,1208.573608398438,0.8706812858581542,39.96647644042969,48.95834321242111
854.0433349609375,1314.194458007812,1237.958618164062,1.268608093261719,12.09206962585449,45.4748554615479
1348.11328125,756.8008422851562,1173.552490234375,0.6155948042869568,15.74652576446533,29.86491977335903
1451.35546875,829.9154663085938,1182.082885742188,0.7556536793708801,79.42839813232422,49.3859101322784
477.8894348144531,681.56005859375,1328.64794921875,1.648025751113892,97.97000885009766,12.59243131587976
744.4176635742188,500.1209716796876,1182.210571289062,0.7268987894058228,98.26136779785156,23.54905494816381
1356.166381835938,666.03271484375,1033.349853515625,1.066014051437378,47.29008483886719,48.48858120979541
1064.205078125,1002.462524414062,1291.625122070312,1.062460660934448,73.59734344482422,40.23075757147596
724.7327270507812,1250.337768554688,1219.342895507812,0.9642328023910524,56.19927978515625,36.86495862658174
940.6831054687499,1366.144287109375,1322.595825195312,1.539810419082642,63.75262832641603,35.80337643022821
691.2784423828125,1433.24072265625,1183.294067382812,1.787030100822449,39.34597396850586,33.37889713080985
1486.567138671875,1000.46826171875,1155.546508789062,1.061298131942749,27.40865325927734,53.59124485467464
1031.180786132812,799.2730712890625,1327.67724609375,0.7786920666694641,43.61790466308594,38.04647264083695
1157.968505859375,1387.56494140625,1341.425537109375,1.556414842605591,57.44454193115234,41.22845882760072
703.0830078125,490.2907714843751,1011.173034667969,1.891635417938232,95.0594253540039,16.54975761562962
1226.69775390625,509.6555175781251,1289.858032226562,0.5810257792472839,88.38346099853516,39.64563897950272
641.2929077148438,1380.982666015625,1119.058227539062,1.253919124603271,81.00353240966797,31.2083196152229
811.6715087890625,1416.543334960938,1226.462158203125,0.8794351220130922,89.57603454589844,34.49957531908834
973.6889648437501,1054.232177734375,1238.629516601562,0.6413211226463318,67.59977722167969,38.09184237568304
1243.350952148438,1072.643676757812,1016.817749023438,0.8740594387054443,54.5430908203125,56.96987461414793
874.4489135742188,1496.508544921875,1281.680053710938,1.938072681427002,60.75799560546875,32.20453468855912
963.5083007812501,1390.39794921875,1272.924194335938,1.839858770370483,60.88079833984374,39.2417977208956
1375.2158203125,1029.177368164062,1219.932373046875,1.417532444000244,17.63476943969727,54.80417335547692
814.41796875,1327.714599609375,1077.250366210938,1.027120590209961,87.01982116699219,39.81937834386803
642.5924682617188,708.0963745117188,1259.006958007812,1.020229339599609,55.2164421081543,24.5258330193829
618.5738525390625,967.1454467773436,1032.424926757812,0.6739457249641418,18.81678581237793,33.88110883633298
1368.158569335938,970.5399780273436,1345.064331054688,1.611831665039062,63.48344039916992,43.78468115079563
1446.903198242188,839.727783203125,1149.562255859375,0.5917631983757019,69.11653137207031,51.47864957770317
981.1016235351562,892.9467163085939,1310.330810546875,1.430631756782532,38.39901351928711,35.35398707675158
784.0285034179688,824.0131225585938,1191.177124023438,1.776785612106323,60.93854904174805,28.03471592926064
1348.693603515625,1134.836303710938,1022.641784667969,1.284284114837646,88.87487030029297,54.41500379019959
961.6005859375001,1127.1552734375,1165.028198242188,0.614189863204956,18.60449409484863,31.17997649322245
1112.985107421875,1256.453125,1120.604736328125,0.7472127676010132,55.30435562133788,50.65421377696374
1023.618957519531,1384.020874023438,1046.170654296875,0.6616193652153015,25.90192604064941,49.66409623813323
1026.845458984375,623.6212158203125,1131.413818359375,1.562879323959351,52.94082641601562,33.19829858484989
1194.02587890625,1432.596313476562,1315.008544921875,1.101269245147705,91.52261352539062,47.91471171423183
737.3281860351562,557.7817993164062,1086.318725585938,1.179182529449463,69.09947967529297,24.69982718593122
1170.0244140625,1306.456420898438,1139.834106445312,1.865166425704956,37.61154937744141,49.86287999937787
1362.872680664062,1217.83056640625,1223.606567382812,0.9468515515327453,79.83270263671875,52.86642459585656
648.083740234375,630.9646606445312,1194.18798828125,1.666596651077271,12.02677345275879,28.03680935243663
1270.241333007812,1250.965209960938,1218.597412109375,1.40546977519989,15.08486747741699,54.60374582435999
935.71533203125,1377.692016601562,1028.827758789062,1.391547441482544,19.25518798828125,51.70886047641819
892.5772094726562,1060.205200195312,1052.715087890625,0.9783299565315247,36.79769134521484,44.58742218827986
1106.724731445312,1156.533813476562,1257.55615234375,0.8703122138977051,47.00642776489258,47.80206601918452
657.34130859375,730.349853515625,1239.495849609375,1.618684053421021,81.61178588867188,20.18984366169744
1153.869995117188,920.9486694335939,1093.98779296875,1.19867992401123,25.20932769775391,47.08720290337682
1362.25732421875,1004.675231933594,1063.854248046875,1.770166397094727,76.33077239990234,51.92146022279131
490.1881408691406,904.248046875,1053.408813476562,0.6411392688751221,56.32954788208008,24.73718288875145
1013.667541503906,1235.337646484375,1029.708374023438,0.6071479916572571,34.28601837158203,46.17566265194129
1151.15869140625,753.5529174804688,1328.51416015625,1.650982022285461,28.26063919067383,39.80702066839688
986.5111083984376,1295.365234375,1030.338500976562,0.6933404207229614,94.1474380493164,49.18833714617022
825.9613647460938,1366.240356445312,1277.246704101562,0.6441170573234558,16.4979190826416,29.35576631986751
1016.903198242188,722.699462890625,1128.122314453125,1.033609867095947,46.63376998901367,35.96511287838543
1107.10888671875,1117.97900390625,1299.232788085938,1.002961039543152,85.1756362915039,44.12039377646099
1119.739013671875,598.2102661132812,1005.945129394531,0.8561801910400392,93.80122375488281,40.06395469352963
979.505126953125,495.1869201660156,1276.999755859375,1.226168870925903,56.12628173828125,29.8595724619308
583.6630249023438,1477.182495117188,1237.458618164062,1.283979296684265,79.74172973632812,25.6688588785584
793.593994140625,850.0335083007812,1330.286254882812,1.754963755607605,36.27870559692383,28.97946393792326
538.2462768554688,719.2178344726562,1205.91650390625,0.910823404788971,35.58627700805664,25.09368913467266
1262.756958007812,610.3328247070312,1289.770263671875,1.762083530426025,59.32979202270508,37.00191924753709
840.6119995117188,802.61669921875,1304.747924804688,1.666638612747192,80.11383056640625,23.54523619823451
1308.080078125,1034.427978515625,1188.570556640625,1.425942897796631,62.93959808349609,45.96682207588029
1498.401977539062,1186.913452148438,1278.496459960938,1.749027013778687,65.40872955322266,45.99109509983492
844.8228149414061,1232.484130859375,1118.247680664062,0.8993680477142335,64.11970520019531,39.27369599656723
839.0194702148439,818.4088745117186,1186.723022460938,0.7842342257499696,25.78034782409668,36.42974924401648
1135.51171875,1109.604614257812,1178.92529296875,1.774656057357788,70.58646392822266,42.11295400808546
626.558349609375,1448.78515625,1305.560668945312,1.905105948448181,39.30266189575195,29.77867406923185
1354.405395507812,646.1954345703125,1170.931396484375,1.023210525512695,16.58529472351074,46.01931035008594
1333.658203125,811.3863525390625,1239.596069335938,1.711313962936401,41.01499557495117,41.25588836772422
532.6599731445312,640.712158203125,1216.7099609375,1.296646595001221,27.9976978302002,16.44057818741661
546.16552734375,1067.145385742188,1096.243896484375,1.192513823509216,18.53325462341309,35.48880120151472
457.6419982910156,1303.407836914062,1300.370971679688,1.154409289360046,70.3468246459961,18.08297085998751
941.596435546875,697.3977661132812,1131.520141601562,0.9739490151405334,62.43895721435548,33.48280402689852
1441.325927734375,1059.637084960938,1278.748901367188,1.176022887229919,69.61503601074219,48.95950566286692
1330.071533203125,1320.126098632812,1214.79345703125,1.687058925628662,34.76864624023438,51.11433690594864
1407.698974609375,681.0405883789062,1334.369750976562,1.873863697052002,24.93014144897461,42.38402710095856
1138.608520507812,815.1985473632812,1275.34521484375,1.221772432327271,88.6052474975586,39.0764238800087
1133.12060546875,872.1309814453125,1326.400756835938,1.480273723602295,28.22067451477051,40.88356135274062
1060.37255859375,711.8487548828125,1218.431396484375,0.7725006341934204,63.65218353271484,37.79239281375934
955.4027709960938,1273.400756835938,1018.397766113281,1.344823837280273,64.54217529296875,42.00974325228843
1484.140380859375,681.1573486328125,1337.588500976562,1.629670977592468,35.06402969360352,48.63162822764184
883.3604736328125,928.8012084960938,1244.435546875,1.226697206497192,68.16571807861328,28.8884990804524
993.2182006835938,761.6212158203125,1144.37548828125,1.739624738693237,83.780029296875,34.76372452309583
1165.801879882812,1497.001831054688,1293.342407226562,0.926538646221161,45.55564117431641,47.46007733119666
930.9158325195312,1430.244018554688,1019.919738769531,0.5077095627784729,43.98428726196289,51.45267957740002
1385.678466796875,1123.677124023438,1244.44775390625,0.814933180809021,30.24843597412109,56.35549330362545
1049.427001953125,795.5565185546875,1010.500732421875,1.643539190292358,74.45587158203125,36.37861706007871
755.3370971679688,1201.948120117188,1166.606323242188,1.05497670173645,90.68920135498047,32.62932517325671
852.7942504882812,585.0997314453125,1082.774047851562,1.90052056312561,61.39203643798828,28.50212857890171
1111.754638671875,751.105224609375,1090.295043945312,1.449000597000122,91.37163543701172,34.82627608480692
1079.068969726562,1230.41748046875,1011.6748046875,1.831576824188232,82.85963439941406,40.39132318917068
801.8781127929688,793.8905029296875,1133.030029296875,1.319206953048706,45.48884582519531,29.13664478149191
676.59765625,998.4814453125001,1261.172607421875,1.183487892150879,39.22627258300781,30.83660552073017
516.206298828125,956.2615966796875,1121.002319335938,1.119494915008545,78.00276184082031,21.69580044168971
1391.810302734375,1247.3720703125,1326.093505859375,1.378983855247498,48.72710800170898,49.0854177087863
1426.90869140625,530.487548828125,1022.387756347656,1.889366865158081,76.18316650390625,46.09172388854386
1024.542358398438,842.7914428710939,1181.127075195312,0.5587072968482971,26.36599159240723,35.82786906463257
1407.613525390625,661.1466064453125,1254.6748046875,1.791645050048828,64.01732635498047,38.78334029433905
889.4678955078126,759.6052856445312,1127.078125,0.8239237666130066,90.44371032714844,30.47263510893789
621.5267333984375,820.3760375976562,1060.85009765625,1.899999380111694,36.0146484375,28.1329988496906
762.231689453125,1260.24169921875,1335.434326171875,1.016066074371338,31.74218940734863,35.41654392572568
477.2545776367189,1086.947631835938,1299.080688476562,0.823126256465912,40.17929458618164,25.55424087130324
1111.081420898438,1215.662231445312,1324.062377929688,1.243391275405884,82.72814178466797,41.83106474213044
914.9259033203125,637.9950561523438,1193.067138671875,1.997604846954346,39.45648956298828,30.95548121769839
1188.883178710938,548.4689331054688,1304.079467773438,0.7369184494018555,46.37598037719727,35.36192611401891
887.0856323242186,961.3453369140625,1212.295776367188,1.639296770095825,56.77371215820312,32.47502034716884
643.6091918945312,1096.024780273438,1341.8544921875,0.8923124074935913,64.97569274902344,25.22194932166414
852.4903564453124,1485.058715820312,1226.92529296875,1.3125159740448,68.8333740234375,40.78314157141892
1432.063720703125,954.19580078125,1314.936767578125,1.914941072463989,56.02552795410156,42.76312256060801
548.2657470703125,1472.424194335938,1166.8310546875,1.22811484336853,35.60317611694336,34.00711275249216
456.4541320800782,813.65771484375,1179.484741210938,1.338092684745789,57.4273681640625,18.67271994061863
1303.681030273438,663.794921875,1121.982421875,1.826741814613342,35.38021850585938,44.36282008957944
951.1043701171875,1364.733276367188,1331.734985351562,0.676954984664917,61.86967468261719,38.57233537830114
1215.375244140625,868.1442260742188,1344.39208984375,1.33638596534729,32.12762451171875,38.56726376802943
815.8782958984375,470.8426513671875,1234.098022460938,0.7513911128044128,92.61871337890625,23.86812850464795
1075.160522460938,1117.083984375,1325.239624023438,0.5911636352539062,67.2672119140625,43.11680708707323
557.3162841796875,1093.83349609375,1246.052978515625,1.214675307273865,82.779296875,20.74842457313743
999.4722900390625,1471.812255859375,1176.626953125,1.088483452796936,75.81550598144531,42.94025446165694
1345.3544921875,1289.150390625,1070.671875,1.063061833381653,78.1966781616211,54.00172542791871
1016.11865234375,1203.734130859375,1014.195678710938,0.5677826404571533,35.11298751831055,47.31681136363803
877.9547729492186,1117.226318359375,1042.40966796875,1.568876504898071,65.0075912475586,36.81491711230072
1484.5166015625,1212.928466796875,1156.544799804688,0.7850730419158936,17.87070655822754,50.66002273818356
1449.321655273438,825.0789184570312,1149.737182617188,1.388775825500488,85.94404602050781,45.78504618115211
753.7800903320312,753.0172119140625,1257.637451171875,1.205204725265503,80.66851806640625,25.57207256993874
1439.221069335938,980.7163696289062,1285.789428710938,1.158537864685059,59.22626113891602,47.12937264073497
1485.039428710938,1180.497924804688,1146.997924804688,1.690101861953735,15.80122089385986,61.25711618622967
1093.899291992188,917.6803588867188,1286.266723632812,1.043655514717102,54.14443969726562,38.40151008495305
907.9154052734374,1217.988525390625,1126.428466796875,0.7215116620063782,38.76190567016602,44.07908778250441
1487.006469726562,898.3426513671875,1212.412841796875,1.984385251998901,87.81512451171875,44.80172046716434
1106.05859375,666.7797241210938,1126.143188476562,1.885883092880249,43.94411849975586,35.45472862959029
542.8534545898438,502.9150085449219,1314.333984375,1.374425888061523,45.19431686401367,15.92733618171892
1049.95361328125,1094.2734375,1312.707397460938,1.893146276473999,29.12402153015137,39.85939120126767
620.728515625,1328.364501953125,1180.355224609375,1.704665541648865,92.93289184570312,18.60555807089902
987.865478515625,1356.247680664062,1150.729614257812,0.8060294985771179,17.96692276000977,44.57069206456018
647.9378051757812,970.0176391601562,1081.129516601562,0.8955140709877013,41.73264694213867,32.00393146996754
1158.328369140625,624.6388549804688,1155.100219726562,1.741083383560181,29.9007568359375,38.56591955082652
1222.0927734375,1370.9443359375,1331.666259765625,1.11103367805481,19.23626136779785,51.38278757986291
1231.814453125,1444.409912109375,1057.216186523438,1.677185416221619,15.25740814208984,61.40079836407024
1483.51025390625,965.83447265625,1237.208740234375,1.074974536895752,13.28729438781738,50.62129558391398
555.8732299804688,1330.999145507812,1024.230224609375,0.8532365560531616,19.18441963195801,42.02493790753639
540.6458129882812,1021.1923828125,1135.28662109375,0.7923559546470641,57.64665222167969,28.10719728656719
966.3644409179688,1193.829223632812,1247.026977539062,1.879015564918518,71.82756042480469,35.50205312411462
1375.11962890625,969.0220336914062,1338.747680664062,0.9122798442840576,65.04924011230469,46.62728072361313
1243.944946289062,1191.902099609375,1028.706665039062,0.9821978807449341,96.41295623779297,53.92844435806536
567.0325927734375,755.2554931640625,1010.298828125,1.465196490287781,27.76449584960938,26.58574850532944
1023.054016113281,526.7213134765625,1161.752685546875,1.098798513412476,53.43946838378906,33.50777651889173
571.15283203125,732.6575927734375,1196.84716796875,1.954351305961609,26.10632133483887,23.54545569752587
1499.280639648438,887.9854736328125,1282.553466796875,0.6146290302276611,66.01541137695312,49.42696638724036
455.4525146484375,1271.498901367188,1278.735473632812,1.031262278556824,81.19591522216797,17.42120355038605
1021.648376464844,992.8738403320314,1197.112915039062,1.337878942489624,30.44279861450195,39.05631157037682
1361.314453125,1053.163330078125,1021.207641601562,1.941643357276917,61.56779479980469,54.88280127707709
939.5986328125,667.6226196289062,1290.056274414062,0.9336804747581482,81.86387634277344,27.52878888682234
947.7202758789062,1174.40283203125,1124.076782226562,1.145495057106018,45.11101531982422,46.39575788130788
516.9091186523438,999.4645385742186,1109.699951171875,0.7471466064453125,61.20863723754882,26.58063865268429
919.0185546875,1454.695190429688,1069.796508789062,0.6695343852043152,44.250244140625,49.64476056241576
1078.335693359375,1202.591552734375,1218.284423828125,1.763240575790405,87.3585205078125,37.42089200985804
1040.142578125,1086.860961914062,1170.95703125,1.975576162338257,39.08628082275391,39.77129607866449
611.7680053710938,868.0294189453125,1139.638793945312,0.6547625660896301,21.35316848754883,31.30923725008
1113.07763671875,1146.74755859375,1306.31298828125,1.063356518745422,43.28041839599609,43.19351495906511
1219.94384765625,919.8369140624999,1130.007934570312,0.9724326729774475,36.78675079345703,49.83106536186449
1344.942749023438,1431.136474609375,1046.6044921875,1.191641211509705,97.78226470947266,55.00622812242993
901.6484985351562,1267.832153320312,1161.28125,1.498478412628174,17.77985382080078,47.55708459277618
766.722900390625,814.9579467773438,1307.89794921875,1.395947456359863,54.32061767578125,27.21499718417367
1098.4287109375,1083.348999023438,1020.293273925781,1.886437892913818,25.60622978210449,48.66716071704265
1253.911254882812,1436.388671875,1217.168090820312,1.674160957336426,21.06530380249023,61.70777314491034
1448.979858398438,1268.337768554688,1060.74609375,1.310981512069702,71.28295135498047,60.01957329279121
632.6121826171875,756.6289672851562,1090.652587890625,1.498821496963501,20.17573165893555,34.41613349714018
459.7326965332031,543.8955688476562,1288.446166992188,1.108103275299072,17.52667617797852,22.56286321318111
1243.939208984375,900.3580322265625,1226.720336914062,1.255017042160034,66.03351593017578,41.75936962413474
644.3704833984375,546.91943359375,1243.479736328125,1.555389404296875,37.68178176879883,20.73411509064443
1153.418334960938,1348.711791992188,1194.680297851562,0.650754451751709,42.38750076293945,50.67327953965254
1113.786987304688,1242.636596679688,1168.318969726562,1.529600858688354,89.06977081298828,36.9081000951893
627.965576171875,1212.64208984375,1008.569213867188,1.84007203578949,46.46235656738281,30.94652937677943
1409.533935546875,635.186767578125,1093.781372070312,0.6111012101173401,22.00452613830566,40.43242441246189
1334.195556640625,519.11962890625,1315.143676757812,1.54346489906311,58.07341384887695,39.46088118622274
1156.052490234375,993.1450805664064,1113.826538085938,1.573172569274902,36.43523025512695,45.02297582632876
574.7161254882812,1236.914428710938,1158.134765625,0.7234598398208618,49.27335357666016,35.1372859587358
638.1883544921875,1233.343994140625,1018.274169921875,1.455647945404053,89.22370147705078,25.63690316074336
934.8207397460938,654.7784423828125,1288.624267578125,1.994361400604248,60.71575546264648,25.27470759056895
1261.079711914062,949.517578125,1029.0283203125,1.321945667266846,80.45391845703125,46.80060397377447
1378.002197265625,1267.198852539062,1153.349975585938,1.08599066734314,17.80464935302734,59.53299365347351
476.1440734863282,475.5750732421875,1074.677978515625,0.9794942140579223,78.76600646972656,17.51083740257248
1265.721923828125,912.5806274414062,1079.827880859375,1.332234025001526,48.56291198730469,50.72589580041971
1441.104370117188,1046.563720703125,1249.589965820312,1.5124351978302,73.94756317138672,48.50199343985284
1210.028442382812,1410.594482421875,1002.259399414062,0.7250764966011047,11.74443340301514,38.48588629652765
583.8858032226562,613.9254150390625,1333.345092773438,1.914348363876343,20.18735122680664,22.03152715874576
1340.020141601562,474.3756713867188,1196.306518554688,1.383084297180176,11.48239231109619,46.4491294058767
1072.361083984375,1277.667236328125,1042.755615234375,1.860445261001587,21.01625061035156,52.63949025838508
626.76611328125,808.5392456054688,1023.615234375,1.486698150634766,38.72977447509766,30.5514955938228
1407.405883789062,547.1741333007812,1248.637573242188,0.8496770858764648,61.47132110595703,38.91376051736483
1262.361083984375,1107.487060546875,1158.237182617188,1.019495487213135,51.73617935180664,51.72865527168389
1137.347412109375,1121.424072265625,1026.1083984375,1.685667514801025,61.60766601562499,45.94848657178007
672.9854125976562,1310.677124023438,1070.188842773438,1.927189826965332,69.15907287597656,28.55717102086888
560.254638671875,553.9956665039062,1182.778198242188,1.739547252655029,31.75736045837402,22.37205023668944
1064.832153320312,875.6657714843749,1192.957885742188,0.7817002534866333,68.61871337890625,40.5130911774024
781.4265747070312,1280.547241210938,1202.335693359375,1.876904726028442,27.42618370056152,39.50833589784754
947.9105224609375,616.7333984375,1125.351440429688,0.671660304069519,86.79134368896484,36.55923922500337
1206.810302734375,1158.736938476562,1286.51904296875,1.546842217445374,10.43093490600586,50.54177207469433
1210.870239257812,1164.903564453125,1239.74951171875,1.359237194061279,56.62507629394531,47.76232062411403
1178.495971679688,1307.86767578125,1198.648193359375,1.164131164550781,46.14001846313477,49.81852339986619
724.92724609375,1073.162963867188,1202.776123046875,0.6014205813407898,79.66766357421875,33.60508597276546
1022.822082519531,948.9973754882814,1224.20556640625,0.915748655796051,62.42441940307617,37.99412502828702
1374.302124023438,1107.210693359375,1030.577026367188,0.7712541222572327,21.81220245361328,57.56635527474197
561.6128540039062,1142.983642578125,1245.1005859375,1.675967216491699,92.98697662353516,17.3843121631536
748.1224365234375,628.7645874023438,1200.357788085938,1.388450980186462,15.76256561279297,28.8540346467668
671.5494384765625,1405.096557617188,1265.6240234375,0.6313493847846985,11.49764919281006,22.87442403203875
1157.763427734375,1177.167846679688,1314.388671875,1.464152932167053,49.8677864074707,44.52946398710984
795.6387329101562,922.1600952148438,1102.164306640625,1.590368509292603,13.83730792999268,38.60713296323659
1327.25244140625,809.6887817382812,1179.971313476562,1.224514722824097,37.44775390625,45.41572538171845
1242.690673828125,915.7144775390625,1155.014770507812,1.516155242919922,58.50783538818358,44.10962200400647
1155.574096679688,1027.959594726562,1221.05419921875,1.299327969551086,62.93188095092773,37.86750117259845
653.15087890625,730.8314819335938,1028.5810546875,0.5981502532958984,92.48194122314453,30.43120469517102
1154.255126953125,940.6961059570312,1292.314697265625,0.8921745419502257,98.43543243408203,37.4652328563565
493.8135375976562,1220.621704101562,1312.611450195312,1.400832176208496,27.4091682434082,25.30191617087441
848.2981567382814,1084.451782226562,1062.345947265625,0.6585173010826111,88.76415252685547,41.93895620741253
757.3721313476562,1096.845947265625,1105.720458984375,1.062312602996826,84.06893157958984,29.97291750116489
955.903076171875,1343.155639648438,1260.122314453125,1.583828091621399,42.05026245117188,44.82582265185165
570.4541015625,1042.195068359375,1341.585205078125,0.8321207761764527,17.81253433227539,28.00608390968761
776.7235717773438,1165.4326171875,1233.88671875,0.6241047382354736,34.36072540283203,36.45256351240013
1088.502075195312,1239.716918945312,1145.296264648438,0.8392093181610107,17.04830932617188,48.47917510278941
959.9965209960936,625.6404418945312,1013.938659667969,1.566516160964966,82.55091857910156,33.63845988215835
1373.209716796875,1220.935180664062,1305.662963867188,1.682768702507019,87.75005340576172,48.09996920377515
1066.182250976562,940.9923706054688,1252.783081054688,1.863259792327881,38.6988525390625,37.52616591359634
929.6168212890626,991.0881958007814,1331.607299804688,1.875855684280396,49.59317016601562,30.99719331446806
637.4093017578125,1218.327026367188,1085.678466796875,0.7994103431701659,26.29693031311035,35.88985589407741
1179.535278320312,866.0676269531249,1039.809692382812,1.258764028549194,53.65020370483398,45.75874237523399
760.1663818359375,504.7468872070312,1157.509155273438,1.379507541656494,41.96099853515625,24.20036593974028
1343.795043945312,1276.606567382812,1309.929321289062,1.309972286224365,35.62204742431641,51.14955459683588
1312.425659179688,908.1044311523436,1115.671875,1.572216987609863,12.35063457489014,49.78730502888428
1200.610961914062,1034.154296875,1344.082397460938,0.7903419733047485,77.2847671508789,45.42543646378317
637.0916137695312,802.1248168945312,1337.961791992188,0.5322224497795105,54.7405662536621,23.72955243456278
584.2679443359375,1295.994384765625,1316.359497070312,1.875653266906738,16.7376766204834,25.88626365370486
682.0022583007812,1176.68212890625,1069.014526367188,0.5113300085067749,63.72536468505858,36.40446600668749
1327.5537109375,721.4442749023438,1047.494140625,1.540287494659424,71.76322937011719,43.79750506799168
927.6693115234375,936.0736083984374,1234.771728515625,0.8943258523941041,58.68311309814453,34.02067031586858
464.3273010253906,1136.460205078125,1327.543334960938,1.887808918952942,75.88722229003906,13.85864683823993
1401.5830078125,1269.046508789062,1241.833618164062,1.596587657928467,99.38404846191406,45.45845631688009
1352.175415039062,652.3892211914062,1318.427001953125,1.981627941131592,47.99055099487305,38.35860964875433
636.8892211914062,581.5685424804688,1093.273071289062,0.7015649676322937,51.43445205688477,27.53050452165282
1248.58984375,818.5795898437499,1028.27880859375,1.221440196037292,74.96630096435547,46.74999212548944
609.838623046875,1463.70947265625,1015.350463867188,1.775497674942017,31.89951705932616,40.4511188173042
510.2927551269532,1162.748168945312,1039.135986328125,0.7607107162475586,66.73100280761719,28.21928875869451
636.4293212890625,761.20068359375,1286.312255859375,1.802331924438477,26.10635375976562,23.55924541485208
658.5782470703125,724.2588500976562,1179.114379882812,1.020592093467712,38.46042633056641,28.77928384047891
1393.015869140625,884.2340087890625,1275.925903320312,1.111090540885925,33.7453498840332,43.54294017861474
1125.183227539062,1425.897827148438,1336.703369140625,1.408094048500061,81.25653839111328,37.52266799815263
729.3427124023438,1354.664428710938,1190.255493164062,1.881899356842041,92.91128540039062,25.38058363123001
850.5313110351561,1254.289306640625,1044.890380859375,1.211374521255493,25.31813812255859,46.1032836682914
1089.458618164062,1397.762573242188,1229.195678710938,0.5163106918334961,28.76661109924316,37.6949575623776
610.2108764648438,531.46337890625,1005.404846191406,1.146541357040405,53.1921272277832,25.64091689863797
831.0149536132812,955.4666137695312,1100.916748046875,0.6599084734916687,36.53683090209961,37.2343112183777
1200.909423828125,934.265869140625,1339.647827148438,1.849688529968262,25.70001983642578,42.56275341443572
969.5344848632812,534.1638793945312,1238.025512695312,0.9858978986740112,82.50395965576172,31.45301157132036
1368.306030273438,885.3540649414062,1055.4453125,1.47620964050293,53.19037628173828,51.32228884724726
1144.090209960938,631.4595947265625,1338.052368164062,1.699368357658386,60.82058715820312,29.86710508132369
938.9950561523439,595.5396118164062,1054.087646484375,0.9892079234123229,38.46781921386719,37.97568738504744
1492.673461914062,643.8878173828125,1269.200439453125,0.5506579875946045,65.47440338134766,47.73304921790292
825.5905151367188,1000.246765136719,1014.484619140625,1.312926411628723,85.22579956054688,35.32363633140189
1363.595703125,1072.770629882812,1115.578125,1.832038402557373,86.89794921875,47.5395399878017
837.9954223632814,588.9732055664062,1182.311889648438,0.8300544023513793,98.93802642822266,21.14327397436898
825.9009399414061,474.7346801757811,1013.550842285156,1.945248126983643,19.72034645080566,33.03697964486702
1367.485107421875,1376.893676757812,1135.499877929688,1.31794810295105,60.63600921630859,60.23714756280833
830.7659912109376,545.4854736328125,1166.899169921875,1.72579026222229,48.35051345825195,27.31816792521073
1180.5498046875,1439.001953125,1239.98095703125,1.0557861328125,45.17034912109375,52.52245521589985
1030.2646484375,1254.345581054688,1260.682373046875,0.8222429156303406,56.91216659545898,45.75977111509343
524.7706298828125,739.7125244140625,1310.1572265625,1.210787773132324,53.18199920654298,19.64655707224816
532.5186767578125,1051.959594726562,1111.819458007812,0.5289004445075989,13.61779594421387,22.02019155172154
975.6830444335938,1168.9873046875,1030.087280273438,0.9819859862327576,12.45560550689697,47.23038188086191
703.6260986328125,1222.247680664062,1053.071533203125,0.8590362071990966,79.55713653564453,34.76824129190276
717.2506713867188,1137.826293945312,1315.383666992188,1.340547561645508,57.51244735717773,26.28163587134715
646.0879516601562,1169.238525390625,1338.683471679688,1.662091493606567,67.93673706054688,20.06772062373647
906.8079223632812,551.4412231445312,1276.859375,0.6779899597167969,79.7811508178711,26.04079157656501
1162.405639648438,476.6274719238281,1139.575317382812,0.9294735193252563,43.53618621826172,35.94989271746374
1333.62158203125,1268.468872070312,1285.10107421875,1.147041082382202,40.41898727416992,55.95866659321864
1478.399780273438,1061.797607421875,1125.705078125,0.6796861886978149,39.22193908691406,58.85161326334766
494.60498046875,456.9441528320312,1065.115234375,1.80136239528656,36.54081344604492,16.54546981579863
1453.548706054688,671.345947265625,1183.607421875,1.500359773635864,82.23954010009766,42.30616682150165
1286.322143554688,695.433349609375,1058.198852539062,0.6710800528526306,27.10015487670898,46.71108079057268
1294.691772460938,1200.848510742188,1316.4130859375,1.375795602798462,71.56430053710938,42.94682925255472
846.9345703125,773.7487182617188,1088.690063476562,1.751996994018555,93.5145034790039,26.94387541967092
995.7167358398439,1027.521118164062,1250.954223632812,1.431703805923462,81.3998794555664,35.1192303400148
591.4833984375,1326.912841796875,1240.1357421875,0.6338164806365967,45.41084671020508,34.15192227826498
1088.9208984375,969.134765625,1013.736938476562,1.998419642448425,46.95693588256836,44.70727928805837
584.878173828125,756.8460083007812,1033.462646484375,1.433095693588257,15.07989978790283,32.35602522349462
526.628173828125,982.8654174804689,1169.251220703125,0.6962842345237732,14.50040340423584,26.60641702995577
1408.433837890625,1152.156860351562,1032.91064453125,0.9132604598999023,25.21173095703125,62.7839290376242
1438.978149414062,1464.462158203125,1117.312866210938,1.415303230285645,78.56961059570312,57.32695022805164
568.224365234375,1186.334594726562,1316.5634765625,0.7881434559822083,71.3595199584961,26.1646352992716
1230.692626953125,925.1369018554688,1269.523803710938,1.486936330795288,85.02294921875,37.28879859458994
764.8084106445312,1370.440795898438,999.2163696289061,1.766907453536987,43.1518669128418,40.43000748527058
771.291259765625,1263.755859375,1312.738525390625,1.851040124893188,97.33365631103516,22.62916580192132
829.2057495117188,960.9032592773439,1133.832763671875,1.2498859167099,36.51398086547852,37.93692363944893
483.7851867675782,696.4075317382812,1151.37353515625,0.6136047840118408,85.26519775390625,20.96302667764662
1025.816772460938,512.14013671875,1305.123046875,1.943901538848877,56.62172698974609,28.58056854064731
1448.123901367188,1194.484497070312,1317.45263671875,0.5924975872039795,43.86701965332031,48.48304452057222
1322.0810546875,1413.722290039062,1282.742797851562,1.920023679733276,82.5438003540039,41.44038804455552
809.8338623046875,885.7427978515625,1254.417358398438,1.498148918151855,82.97181701660156,26.51633416780044
1143.899780273438,899.5958862304688,1277.397338867188,1.568971157073975,33.53715515136719,42.03368361975186
1116.72607421875,599.73779296875,1300.693237304688,1.53666627407074,52.89948654174804,32.77078844677386
1027.5146484375,943.350830078125,1257.33837890625,1.547021865844727,55.75308990478516,38.30502312945296
1121.12548828125,579.4503173828125,1060.950805664062,1.225569009780884,65.91690063476562,39.74707255325119
1425.440063476562,1396.261108398438,1156.678344726562,1.927932500839233,72.68804931640625,57.78070116029777
1234.818359375,1437.93310546875,1326.545654296875,1.135759592056274,27.92811012268066,52.49945261312195
581.8466796875,1195.379272460938,1076.776000976562,1.997093677520752,86.48709869384766,17.96449494320965
1116.927490234375,1407.703491210938,1016.993713378906,0.8074476718902588,73.94183349609375,54.78253998663619
798.6126708984375,473.9129333496094,1154.569946289062,0.7135910987854004,31.76319694519043,28.00254930912569
453.1333618164062,1186.7822265625,1065.642333984375,1.453531265258789,60.0352783203125,23.32772843154908
544.187255859375,1358.813720703125,1152.011474609375,0.8627163767814636,79.10330963134766,24.57797450537827
1047.274047851562,1228.965576171875,1138.278686523438,1.993999004364014,73.96977233886719,40.8868006750977
1386.980224609375,1182.185180664062,1082.966674804688,1.439942836761475,15.14242744445801,61.16308848885788
754.9202880859375,766.1116943359375,1338.565307617188,1.377658605575562,34.91972732543945,26.72763862294789
1180.926391601562,1399.050903320312,1340.594604492188,1.768964052200317,23.16364860534668,47.11504108494219
1422.654296875,529.2190551757812,1303.779418945312,1.926102638244629,89.65360260009766,35.43905225403323
621.5778198242188,621.30908203125,1071.760009765625,1.842020273208618,98.87870788574219,17.57871418499327
783.5266723632812,1316.166381835938,1082.368896484375,1.935999155044556,93.03778839111328,28.53969283217737
685.4212646484375,1004.426879882812,1271.211303710938,1.0556480884552,45.50892639160156,30.43425826713388
757.7775268554688,576.187255859375,1162.212646484375,1.135994672775269,63.48757171630859,24.42190168758232
1270.471801757812,926.7957763671875,1167.236450195312,1.417383670806885,82.10857391357422,40.69000071184437
1059.039184570312,1336.083740234375,1253.068115234375,1.455579161643982,74.36747741699219,41.07108634522448
935.5654907226561,994.7777099609375,1204.474365234375,1.458712816238403,74.2093505859375,33.25146927652807
1406.786987304688,1476.407348632812,1080.34228515625,1.949727892875671,61.19936752319336,58.26567329813888
720.6522827148438,508.7482910156251,1033.46240234375,0.5087733268737793,88.94532775878906,30.05974686117885
1186.494140625,1021.109252929688,1147.138549804688,0.94578617811203,44.29853439331055,46.61069778608215
1160.607788085938,1471.713500976562,1171.224731445312,1.847855448722839,29.15635871887207,51.70098759135765
624.4886474609375,866.0338745117188,1034.692260742188,1.297347545623779,85.26704406738281,27.30656500356229
1321.9228515625,468.9429321289061,1233.29296875,1.258128881454468,42.76689529418945,36.15782566156089
1212.223999023438,669.6194458007812,1015.528686523438,1.815850734710693,18.12113952636719,44.72689027642977
983.080810546875,477.3565979003906,1069.186157226562,1.408755660057068,64.52687072753906,33.06859452723815
753.7413330078125,1063.016357421875,1322.283203125,1.655709743499757,27.79709053039551,32.3078746882433
1179.093994140625,656.330810546875,1211.914428710938,0.894659161567688,91.6543960571289,37.27943781537832
1198.054077148438,614.3908081054688,1345.832641601562,0.9669227004051208,30.47221755981445,37.83370999239298
752.8408203125,1002.494140625,1177.263671875,1.605845093727112,58.42530059814454,29.18365363958737
480.4144897460939,1407.421997070312,1044.765625,1.373219728469849,24.60696792602539,34.51757325596765
522.1498413085938,898.6362915039062,1129.066040039062,1.673157215118408,30.58029937744141,27.80969941580896
661.2323608398438,1201.594360351562,1025.427124023438,1.512219905853271,70.77708435058594,29.9968613200145
540.5033569335938,784.7840576171875,1076.478393554688,1.712270975112915,24.94293975830078,25.76479069294737
1315.993408203125,667.115966796875,1264.743896484375,1.382931351661682,75.80612182617188,41.84991827085054
824.9955444335936,498.8618774414061,1117.559448242188,1.192112445831299,84.6243667602539,25.67508509314658
1076.214111328125,1325.739868164062,1341.385986328125,0.623845100402832,60.83612060546875,49.83027804882575
1470.866577148438,651.3177490234375,1299.6982421875,1.476285934448242,56.51562118530272,42.28026734356756
585.1888427734375,730.91748046875,1320.450927734375,1.700760126113892,76.59246826171875,18.60399443177823
1397.68603515625,1079.209106445312,1195.940551757812,0.727975070476532,93.68657684326172,48.37667459427908
1096.032836914062,683.2453002929688,1177.163696289062,1.413949966430664,16.41259384155273,41.13675288037156
983.603515625,1206.198364257812,1231.396728515625,1.11873984336853,48.5908203125,38.84671220597352
821.6649169921874,683.2161865234375,1147.752563476562,1.70847487449646,47.2255859375,30.36324218559687
1049.586547851562,748.7157592773438,1318.556274414062,1.973093748092651,73.72384643554688,26.34700759267961
1227.789184570312,460.1458740234375,998.3527221679686,1.008693695068359,15.85083103179932,45.37451542712607
807.6638183593751,1074.6689453125,1008.822875976562,1.677098989486694,65.55546569824219,34.39571032791796
532.8866577148438,658.5565795898438,1063.740356445312,1.266168355941772,38.02237701416016,21.22225177172179
868.1503295898438,1188.584594726562,1033.823120117188,1.52656614780426,53.68318557739258,37.46970364870687
1029.918212890625,877.69677734375,1287.151733398438,1.979923963546753,79.39767456054688,28.46075293514447
478.9470214843749,573.7620849609375,1203.257568359375,0.6559556126594543,25.81680488586426,25.15419056293324
701.84765625,1226.734008789062,1309.017456054688,1.914035201072694,41.25570678710938,28.02539179818023
767.9523315429688,1209.224975585938,1334.04833984375,1.715410947799683,69.22875213623047,28.09432124280105
476.1989135742188,1190.15771484375,1313.419189453125,1.183132410049438,37.31375122070312,24.23236697768832
606.1622924804688,595.7586669921875,1103.885131835938,1.284287214279175,42.33000564575195,25.40900736512992
522.1589965820312,997.52001953125,1227.438110351562,1.870538234710693,63.91899871826172,13.79037966648666
1190.98583984375,587.4923706054688,1334.525634765625,0.5333296656608582,16.11735725402832,20.50884517279996
1351.054931640625,1277.135986328125,1148.861450195312,1.716190814971924,61.23941802978516,53.49533433249854
452.5194091796875,1256.101318359375,1071.454223632812,1.974881649017334,89.74273681640625,12.73814540628872
1061.98486328125,713.964111328125,1213.511108398438,1.709936261177063,72.24404907226562,31.84388173194119
1315.98046875,764.9429931640625,1202.58642578125,0.5432726144790649,33.37344360351562,39.24586862617959
679.0037231445312,780.634033203125,1328.49072265625,1.14659309387207,48.80843353271484,26.99322058924402
999.8541870117186,1397.491333007812,1138.780883789062,1.307394623756409,88.96085357666016,42.10068590395481
597.0947265625,962.5035400390624,1274.67919921875,1.378013253211975,37.58847045898438,25.88558140232628
649.5191040039062,969.0330200195312,1226.720581054688,1.507153749465942,53.34720230102539,26.7614928492235
1278.666381835938,533.2886962890625,1186.485961914062,1.169362545013428,99.49111938476562,37.87582119612649
1007.151245117188,670.5552368164062,1035.81396484375,1.067158460617065,98.05608367919922,35.62058196030672
1158.279052734375,502.3190917968751,1009.106567382812,1.389798521995544,25.28419303894043,45.29860324666723
1062.213500976562,1473.614501953125,1042.291381835938,1.417017579078674,55.31638336181641,52.05087650132528
721.7952270507812,459.0765686035156,1305.11181640625,0.5711028575897217,47.32397842407227,24.71358511534507
716.2194213867188,918.9197998046875,1242.168701171875,1.347733974456787,55.23544311523438,26.04462315257156
486.2241210937501,1349.788330078125,1091.305786132812,1.070796251296997,70.50177001953125,26.78757901053081
862.9839477539062,517.3782348632812,1012.145751953125,1.174439191818237,95.09449768066406,31.8029453802544
861.3573608398438,1446.823974609375,1161.557861328125,1.974601745605469,52.02999877929688,36.57306579007486
1137.02001953125,1308.369384765625,1175.888061523438,0.5151362419128418,98.93433380126953,48.07708696224847
1410.7421875,991.328369140625,1319.661743164062,1.810691118240356,45.85496520996094,47.5242619309033
458.7623901367188,889.335205078125,1082.16259765625,1.721357345581055,76.35971069335938,15.41316868430217
1102.250244140625,656.4149169921875,1094.907348632812,1.078277349472046,61.2971305847168,39.02504674001766
749.089111328125,596.7237548828125,1087.471923828125,0.5359015464782715,10.32327079772949,17.12266401761333
1014.3984375,865.7643432617186,1006.836181640625,1.064891576766968,81.69278717041016,40.87604740293719
997.3948974609375,1175.37353515625,1011.463317871094,1.881328582763673,52.02394866943359,45.85912716294531
1072.652099609375,513.7291870117188,1207.436401367188,1.050382852554321,52.69470596313477,32.05645468276629
1103.452514648438,992.23388671875,1293.31396484375,1.253990411758423,49.4370002746582,37.76806636425972
1416.084228515625,514.4928588867188,1230.392211914062,1.879144668579102,66.60618591308594,38.8723860726594
1283.842407226562,1291.120239257812,1283.463623046875,0.9126878976821899,33.13860321044922,49.71766642798511
880.1737670898439,798.8897705078125,1191.884643554688,1.169419288635254,10.25939083099365,33.99307444647083
1326.012084960938,1190.361083984375,1079.724243164062,0.7398855090141296,93.97721862792969,59.17883901394842
819.2428588867188,670.193359375,1312.87451171875,1.910240769386292,83.46076202392578,22.63233587582104
1432.16015625,1369.393432617188,1006.633728027344,0.9667590856552124,62.9292106628418,66.05396847716041
761.8103637695312,927.8297729492188,1264.475708007812,1.531452894210815,12.0285758972168,37.11600181747352
1266.687744140625,693.4359130859375,1214.175537109375,1.432623624801636,91.95911407470703,34.95662044852112
1406.88720703125,1084.590942382812,1066.577514648438,1.092171430587769,76.22317504882812,54.44630458696851
789.2994995117188,502.1009216308594,1207.371704101562,0.5830925107002258,22.17124176025391,27.88334177390248
1350.663696289062,1294.802124023438,1048.729248046875,1.458095073699951,34.87674713134766,62.9484232883999
1134.616943359375,1389.000732421875,1182.953857421875,0.8958089351654052,53.51907730102538,52.80801829448563
492.3380432128906,1181.607543945312,1022.865478515625,1.946081399917603,82.79428100585938,12.65404887388136
853.2573852539062,1181.620727539062,1292.035400390625,1.046165943145752,73.77421569824219,31.78537049367476
1135.90283203125,829.7232055664062,1135.145874023438,1.096909880638123,94.07684326171875,39.89474134828795
1114.301879882812,682.6998291015625,1074.274536132812,0.5616884827613831,81.17139434814453,41.31826363988295
966.8466796875,1471.632080078125,1113.513793945312,1.28209114074707,53.73566055297852,52.46012098687967
814.8369140625,1449.2060546875,1217.092529296875,0.8782467246055603,38.73557662963867,45.33761367224669
1099.584594726562,1037.947387695312,1241.995849609375,1.242026090621948,15.6918830871582,47.05594495020216
700.5881958007812,1470.535888671875,1209.311279296875,1.458094716072083,97.09432220458984,24.28559208818526
501.092041015625,989.3241577148438,1158.052124023438,1.661783695220947,92.78177642822266,14.93471657938792
1070.18505859375,1470.786865234375,1022.230712890625,1.402610540390015,37.25360488891602,56.84087503048869
1130.856079101562,619.1480102539062,1286.010131835938,1.993667840957642,66.47297668457031,33.11689919995288
1308.379516601562,496.9610595703126,1026.607299804688,1.84404957294464,42.98470306396484,44.78991874937505
582.7984619140625,1435.9326171875,1178.171752929688,1.339821815490723,18.61206817626953,39.54109511877622
626.8073120117188,944.7883911132812,1054.805419921875,1.113288164138794,77.45500183105469,25.67131048986437
1119.702270507812,969.8607788085938,1342.5927734375,0.8421829938888549,25.58291625976562,44.7409026702789
762.2002563476562,917.1749267578125,1308.14208984375,1.70533275604248,84.07840728759766,19.47451485341769
1272.22802734375,1276.458862304688,1111.38232421875,1.871601343154907,38.5244255065918,52.5512711574294
799.2965698242188,507.7350463867188,1036.246704101562,1.718374133110046,82.82779693603516,25.46812109679558
740.7674560546875,971.3712158203125,1316.695678710938,1.13264012336731,29.0334587097168,31.63324980603567
642.9158935546875,1364.9755859375,1305.128784179688,1.24869441986084,65.99342346191406,25.57385424741606
699.3247680664062,478.5661010742188,1304.531494140625,0.9079439640045166,18.79668045043945,23.12932504666971
585.4730834960938,1189.18701171875,1015.003112792969,0.5204872488975525,41.8729133605957,34.19264922173355
1018.495239257812,1111.2529296875,1187.954345703125,0.8695313334465027,86.73308563232422,41.68557708563157
779.027099609375,675.7767944335938,1032.6748046875,1.709250926971436,28.25751876831055,34.89509246303352
706.7838745117188,609.6458740234375,1292.985229492188,1.716452836990356,96.93431854248047,17.27844387393457
802.19091796875,1172.185302734375,1087.175659179688,0.8248523473739624,17.72121047973633,40.85199707212159
702.3374633789062,714.066650390625,1074.202392578125,0.7656243443489075,41.67493438720703,28.58001806823792
1490.72705078125,1319.853515625,1271.201049804688,0.8301185965538025,47.21957778930664,60.42322849450044
977.2997436523438,1429.009155273438,1145.830200195312,0.7999031543731691,49.71320343017578,54.19735079294382
953.8515625,585.1488037109375,1335.82373046875,0.6487821340560913,89.03841400146484,25.70311924453769
691.5999145507812,541.1625366210938,1201.950561523438,0.5585290193557739,71.55504608154297,22.97769306839293
1139.220581054688,475.4789428710939,1179.396850585938,1.628308057785034,44.57340621948242,33.02835282482382
682.5835571289062,738.7394409179688,1302.010009765625,1.276317358016968,36.20590209960938,24.43677479464869
1417.001220703125,787.1546020507812,1121.765380859375,1.838675737380981,96.83218383789062,43.1752348080018
552.7536010742188,575.4520263671875,1324.71484375,1.677038669586182,70.33680725097656,17.70971552522452
867.71337890625,655.679931640625,1242.770629882812,0.9213285446166992,11.31404685974121,33.31447011693309
631.9036865234375,1402.814086914062,1129.56494140625,1.672403812408447,91.14604949951172,25.04647055290215
684.7572631835938,1318.140502929688,1140.162841796875,0.6400815844535828,57.74625015258788,37.37131449740038
462.8462829589844,1196.305541992188,1290.783569335938,0.7272918224334717,41.16953277587891,24.49416295097405
1006.817138671875,1372.479125976562,1277.25732421875,0.9578693509101868,12.50411033630371,40.22277171404756
905.666748046875,1419.197631835938,1233.588134765625,0.6159724593162537,37.20778274536133,46.87639941086294
1265.111450195312,1468.256958007812,1015.820556640625,1.992913484573364,22.21850204467773,63.8578251951799
1178.399658203125,1389.778442382812,1252.972778320312,0.8731625080108641,12.80855178833008,40.75507779785055
779.4117431640625,703.1614379882812,1113.279663085938,1.572053670883179,37.15415954589844,29.80398588447072
915.45263671875,786.4432983398438,1264.070068359375,1.277873158454895,47.33163833618164,33.8558938489449
480.1500244140625,1262.743408203125,1238.178466796875,1.926131010055542,40.55973815917969,19.01859729701858
1485.592895507812,924.3433227539062,1319.97900390625,1.131883382797241,95.79069519042969,47.59143268956946
996.4458618164062,629.7221069335938,1037.414184570312,1.482471466064453,81.3364028930664,33.58661126633401
1110.019409179688,462.8047485351562,1089.93017578125,1.173793077468872,28.60149574279785,37.58590869257847
1229.406616210938,614.0558471679688,1042.41015625,1.370655536651611,26.44972991943359,46.46488534272785
999.2920532226562,495.0148010253907,1110.306518554688,1.844433665275574,38.64773941040039,32.78438173170909
1013.088256835938,1192.244750976562,1037.2392578125,1.840555906295776,57.95265197753906,42.56820651333477
1035.138671875,1167.45654296875,1171.635131835938,1.78033185005188,49.35758590698242,40.58097391958867
792.2412719726562,1268.927124023438,1050.422973632812,1.783174991607666,17.4970645904541,43.29764859401224
1087.822387695312,1232.730224609375,1035.795654296875,0.9726728200912477,57.11810684204103,53.06834714502915
1434.799682617188,832.8260498046875,1132.9853515625,1.774922966957092,50.94359970092772,47.4634553133066
1143.96923828125,652.2175903320312,1121.733032226562,1.203641057014465,35.92416000366211,39.15216516197138
980.2831420898438,1043.138916015625,1033.340942382812,1.078901290893555,43.54336166381836,46.11046697450629
767.3112182617188,717.5120239257812,1286.33447265625,1.883736252784729,35.29525756835938,28.75252275408974
622.468017578125,460.1070861816407,1287.924560546875,1.491457104682922,34.26520538330078,19.62452695422259
1381.118530273438,904.9876708984375,1084.965454101562,1.551493644714355,40.34220123291016,50.83746264722943
984.0115966796875,864.7958984375,1015.922119140625,1.699022769927979,41.31649780273438,41.58805022038288
555.5737915039062,1086.125,1200.76416015625,0.5156210064888,55.70775985717773,34.36620179553265
1480.007202148438,473.5987548828125,1045.537963867188,1.812308073043823,66.45419311523438,42.2067960883533
1186.23974609375,844.0895996093751,1075.125,0.8356367945671082,31.56424140930176,49.55518850403738
849.3580932617186,882.1966552734375,1245.96240234375,1.228372573852539,81.8251724243164,29.14587385776351
1385.909545898438,647.0510864257812,1277.715698242188,1.808378219604492,28.46902656555176,45.23026365204012
1454.1796875,1064.576904296875,1321.154418945312,1.979363083839417,55.04356002807618,47.69631114522126
478.8936767578125,974.2993164062501,1239.588989257812,1.360488891601562,26.69216918945312,24.07785283350935
912.3438720703126,1454.768188476562,1330.075073242188,1.348803639411926,94.49626922607422,29.38258292079085
916.9576416015625,754.5477905273438,1006.893859863281,0.5352420806884766,43.33125305175781,41.89085657021635
902.3176879882814,1243.429931640625,1227.974365234375,1.251745462417603,17.9401969909668,42.45929525316195
1065.814453125,1174.567260742188,1093.967163085938,1.265685081481934,57.96258544921875,44.11835618370085
507.9234313964844,698.327392578125,1312.749267578125,1.578753352165222,60.50663757324218,17.74751826953655
570.9227294921875,952.156494140625,1053.915405273438,1.793894290924072,55.82876968383788,22.33330183871684
1350.62744140625,859.0302124023438,1093.80078125,1.340781211853027,96.10059356689453,48.08374657858916
798.39013671875,1316.39501953125,1312.806396484375,1.349681258201599,90.39876556396484,29.12664168280085
786.8286743164062,1006.461791992188,1243.214477539062,0.8535718321800232,16.32133293151855,35.96823100183273
1188.633056640625,883.2008666992188,1209.033325195312,1.689330458641052,64.53105926513672,39.45856184860884
1238.63427734375,915.08447265625,1029.859985351562,0.7428575754165649,31.0498046875,49.20613156931719
597.272216796875,1411.713256835938,1111.674194335938,1.037872672080994,45.62463760375977,32.32623964352755
796.153564453125,1013.716369628906,1129.271850585938,1.702166318893433,81.50651550292969,28.66149284158616
616.6993408203125,869.1255493164062,1132.449462890625,0.6232417821884155,35.25298690795898,32.37659241620675
1320.95458984375,699.22802734375,1088.394165039062,1.963940024375916,91.87969970703125,39.88624562388271
1410.782836914062,1272.599365234375,1233.190307617188,0.5182619094848633,36.36240386962891,41.7232906766543
545.7813720703125,1372.310180664062,1054.3662109375,1.381621837615967,97.36360168457031,23.48062756347728
913.2850341796875,520.4847412109375,1043.263916015625,1.982328414916992,61.80636215209962,28.81465331236137
1402.204345703125,892.681640625,1134.312744140625,0.957680344581604,34.10809326171875,51.71480367649606
829.1414184570312,1116.926879882812,1158.6025390625,0.7313601970672607,10.63697052001953,30.67472622961105
1301.697143554688,689.2152709960938,1093.313110351562,0.9064792990684509,84.94017028808594,41.04239663788616
1440.866943359375,1319.11328125,1271.545166015625,0.705685555934906,17.32712936401367,40.84680015174978
1255.262573242188,1264.105224609375,1014.441162109375,0.9929751753807068,37.25169372558594,61.43481883801038
1457.989501953125,1288.4052734375,1223.633422851562,1.75639283657074,61.59298706054688,54.09017489980898
528.5216064453125,596.8582763671875,1041.867919921875,1.980841517448425,25.76852416992188,20.48981303813919
1457.254150390625,580.0223388671875,1036.554931640625,0.8820881843566895,79.56128692626953,49.47949047131495
965.2179565429688,638.1392822265625,1003.351135253906,1.963532328605653,51.84483337402344,38.70902530268906
1244.176025390625,587.1292114257812,1314.180297851562,1.559149980545044,70.06267547607422,35.35358659679824
525.174560546875,921.5695190429689,1108.674682617188,1.132572174072266,69.90347290039062,23.10569961838566
1419.062866210938,585.5217895507812,1219.401977539062,1.790535688400269,34.17466354370117,44.54507364686121
643.414306640625,1220.888549804688,1058.038208007812,1.513657331466675,46.77718353271484,33.5659465192329
615.5993041992188,1224.063598632812,1090.136474609375,1.465441823005676,83.40745544433594,30.21508040453144
500.2004699707031,678.4971313476562,1076.73193359375,0.5871526598930359,84.34068298339844,24.46769773032348
1395.436645507812,1230.1123046875,1322.03857421875,1.702244520187378,44.59919738769531,49.09960978270112
687.7784423828125,883.0524291992188,1143.800170898438,0.960719645023346,84.4802017211914,27.8568681392583
1090.986450195312,1145.03466796875,1021.746887207031,0.8387313485145568,13.37917518615723,44.71204872219344
1261.665893554688,1286.330200195312,1054.065795898438,1.810581922531128,42.55251312255859,57.57593117933428
628.4202270507812,1209.29833984375,1022.220947265625,0.7531284689903259,99.31511688232422,30.52878243109493
1284.540405273438,944.8264770507812,1174.479248046875,1.853214740753174,18.28615951538086,46.71956957113741
1353.570556640625,1046.544311523438,1081.393920898438,1.058167934417725,28.60951995849609,60.24558883162739
723.6486206054688,1167.3408203125,997.516845703125,1.062059879302979,45.79287719726562,44.55480525896928
1263.073364257812,1310.12890625,1342.369995117188,1.227210879325867,83.44983673095703,44.76041276337723
1003.55712890625,947.7599487304688,1224.677001953125,1.559632062911987,28.13658142089844,39.91750774282303
491.1090087890625,1368.38525390625,1058.876586914062,1.880161046981812,53.8919677734375,25.52093339086347
871.4485473632812,973.1423339843751,1308.280639648438,1.268872976303101,65.53819274902344,29.38098182968077
835.0247802734375,569.1154174804688,1103.193481445312,0.7030278444290161,89.98776245117188,29.92625212021165
941.4591674804689,549.389892578125,1116.003784179688,0.6036686301231384,65.31309509277344,34.04222247152688
603.1166381835938,648.3119506835938,1154.618774414062,0.7532904744148254,20.04966926574707,28.50010153921045
934.9918823242188,773.9259033203125,1318.875854492188,1.770428895950317,52.39302062988281,25.88580348074259
596.301025390625,1343.872192382812,1051.029296875,0.8595547676086425,20.89092636108398,39.36577894069394
1264.282348632812,1346.885009765625,1201.762451171875,1.942991733551025,55.17547988891602,49.70211049921456
543.7809448242188,1278.649047851562,1299.034301757812,1.930291175842284,85.11292266845703,13.06554894752307
968.408935546875,666.3365478515625,1063.003295898438,1.14648699760437,89.33665466308594,31.37918682556975
554.9362182617188,1415.467895507812,1228.18798828125,1.737212419509888,79.94136047363281,23.34624833407774
661.8247680664062,686.0501098632812,1300.1923828125,0.8636564016342163,31.53552055358887,26.36400531798575
780.1519775390625,980.5785522460938,1268.181030273438,1.838133811950684,35.16360473632812,29.36357752321418
983.6336059570312,1029.638427734375,1130.306396484375,1.953871488571167,26.03253936767578,38.78143496733695
1299.642700195312,730.2554321289062,1224.05029296875,1.807016372680664,67.40795135498047,40.14273276214092
678.5957641601562,1215.425170898438,1202.989135742188,0.8076112866401672,70.6645736694336,34.1935146170077
1014.152587890625,769.58056640625,1080.76171875,0.7040007710456848,31.08712959289551,41.43420763601833
597.9952392578125,1234.36474609375,1156.683227539062,1.848757743835449,49.3320426940918,24.5657384402073
723.1152954101562,933.7432861328125,1214.915893554688,0.5241162776947021,99.32136535644531,30.76368916235879
883.1887207031251,1044.524780273438,1111.42529296875,1.226453065872192,97.83942413330078,31.78309896122817
1147.093017578125,1400.674682617188,1327.11083984375,0.9155884385108948,45.03075408935547,46.9419465502811
764.586669921875,1333.61669921875,1026.104614257812,1.186610102653503,92.76849365234375,36.12095563110979
1430.69482421875,582.5238647460938,1165.73486328125,1.408046722412109,29.0339527130127,44.56851818339275
910.8309936523436,720.983154296875,1345.276733398438,1.358981609344482,98.03186798095703,25.372291898542
516.71337890625,1455.189208984375,1069.08935546875,1.667781829833984,17.71585655212402,38.25441809376397
890.4334106445311,640.0647583007812,1086.009521484375,1.392350435256958,66.07120513916016,29.0056296674212
1006.207580566406,1265.929321289062,1193.100341796875,0.9567791223526001,32.89457321166992,44.73656278783884
917.0724487304688,1277.820434570312,1293.465454101562,1.05827522277832,58.14261627197266,41.78770507193505
1439.552612304688,972.8367919921874,1331.167846679688,1.494974732398987,17.5154857635498,49.12380446827114
1212.453125,1210.261108398438,1127.904052734375,1.685582876205444,45.37143707275391,48.35325988398478
1425.656982421875,783.4706420898438,1186.709838867188,1.599434375762939,74.19502258300781,44.50953424330704
1279.58544921875,925.9541015625,1149.34521484375,0.6446731686592102,69.01493835449219,50.46319263298405
1450.730590820312,497.0830993652344,1206.34423828125,1.132905960083008,65.2700424194336,41.92844821335314
1465.490844726562,467.855712890625,1202.028076171875,1.738395571708679,83.06549835205078,40.34022116272673
1023.139770507812,535.6727905273438,1273.729248046875,1.828632235527039,83.39773559570312,25.74828059863591
1143.142700195312,522.3867797851562,1135.390380859375,1.755795478820801,66.34420776367188,31.99532651703091
1077.859252929688,706.2037353515625,1080.901489257812,1.880009055137634,45.72199249267578,40.70880819056819
1276.890625,766.64453125,1029.89599609375,1.138975381851196,29.24981689453125,55.86869078481459
483.65576171875,1004.802307128906,1278.46533203125,1.963775634765625,92.7040786743164,13.77634134111379
497.27685546875,636.1771240234375,1097.296630859375,0.5060011744499207,44.84970474243164,24.51234634105105
921.8519287109375,905.6383056640625,1052.035888671875,1.90521502494812,84.85260772705078,35.41202224340675
850.2677001953124,581.5143432617188,1160.012817382812,0.9289883971214296,83.06373596191406,28.81069024983176
1485.594970703125,696.6279907226562,1036.54150390625,1.789148807525635,11.48403358459473,55.52315725655682
455.9687194824218,812.5140380859374,1348.174438476562,1.475492715835571,97.65814971923828,11.42737374989921
1399.25732421875,918.9144287109375,1156.66064453125,1.663222551345825,35.32678985595703,50.5952764190624
892.190185546875,532.7770385742188,1342.623046875,1.222038269042969,23.27182769775391,27.06887792083867
599.2210083007812,1199.446655273438,1097.256469726562,1.112720012664795,61.04454040527344,28.9239332971262
1274.0673828125,1370.882446289062,1260.199584960938,0.7857334017753601,43.40329742431641,55.79669228363337
1176.954711914062,1411.841918945312,1215.911499023438,1.412613034248352,60.51382827758789,44.3027589431648
1063.18798828125,832.4129028320312,1335.190063476562,1.269051790237427,46.36896133422852,36.85124833440099
1306.234252929688,1055.65087890625,1237.920288085938,1.049862504005432,72.15473175048828,43.3839678653039
582.9068603515625,1285.56005859375,1169.396850585938,1.964077234268188,44.08286285400391,22.63015992757794
1225.279174804688,936.4999389648438,1277.738159179688,1.092665910720825,72.54444885253906,37.50833431933847
1353.237915039062,670.88330078125,1326.279052734375,0.5823999643325806,85.11272430419922,45.66154002883042
1244.145263671875,871.5101318359375,1282.825073242188,1.269473314285278,35.62181091308594,43.10609392924378
1326.989135742188,1383.522338867188,1266.449096679688,0.814740777015686,65.25150299072266,54.22458847947146
1245.646240234375,798.5756225585938,1242.761596679688,0.9633728861808777,15.91932392120361,46.59774547390198
1133.807006835938,1040.255981445312,1242.628784179688,1.118654370307922,51.68710708618164,44.95668118279048
1250.008666992188,564.9684448242188,999.7042846679686,1.538920402526855,76.24451446533203,38.48884386182633
878.8673706054688,511.6385803222657,1106.8447265625,1.271494150161743,14.85280227661133,35.1333679102469
486.253662109375,685.9944458007812,1139.81640625,0.7743570804595947,20.45465087890625,25.18178568614537
1052.962036132812,1205.833251953125,1148.072509765625,0.5097328424453735,53.41984558105469,45.76707181384144
452.0574035644532,1130.620971679688,1120.536499023438,1.480678915977478,27.20495414733887,27.03356717983806
1138.003051757812,568.2667846679688,1345.146362304688,1.666153907775879,96.13959503173828,30.90365823620233
918.421875,1152.7734375,1112.623168945312,1.741748809814453,86.52184295654297,31.76211702371106
468.2647705078125,715.3671264648438,1315.11474609375,1.546123266220093,60.70565032958983,15.12593193407494
1436.283813476562,1388.586181640625,1149.646606445312,1.393091440200806,34.64569091796875,61.73909693440488
682.6124877929688,1389.434204101562,1153.119384765625,1.888056397438049,97.45787048339844,19.18510306596169
1343.527221679688,1429.504760742188,1214.08349609375,1.901684999465942,52.16067886352539,50.32942691459502
633.3077392578125,850.0773315429689,1022.156066894531,1.029841065406799,22.75322723388672,34.3735982795631
653.3399047851562,874.0985107421874,1206.86279296875,1.376117467880249,89.1465072631836,24.09278255159887
1054.111328125,1316.998413085938,1242.670043945312,0.5442160367965698,76.91059112548828,48.81301817483018
738.3043823242188,570.6168212890625,1291.340698242188,0.8662858605384827,71.91680145263672,24.81989612391915
1298.405029296875,1425.1708984375,1201.284912109375,1.446761131286621,52.31360626220704,51.73939038915287
903.3723754882812,1056.464599609375,1128.853271484375,1.861825466156006,63.8132438659668,37.45968200993738
601.9552001953125,998.1253662109374,1152.94140625,1.198304176330566,39.32866668701172,29.80297658652434
934.24072265625,919.2137451171876,1127.304565429688,1.502572178840637,19.05817413330078,39.33814481113509
1206.30126953125,768.3812866210938,1211.2412109375,0.814323604106903,51.80045700073242,42.47955746992672
897.0126342773436,1471.578491210938,1038.826904296875,1.284017562866211,27.41540145874023,53.8988773133588
1493.264282226562,1322.664184570312,1041.592163085938,0.5380265712738037,68.4096908569336,65.42019562896054
1091.55859375,738.0654296875,1103.006225585938,1.511322736740112,75.53943634033203,38.1546803008999
1247.1650390625,923.2744750976562,1092.801879882812,1.976799488067627,49.87696075439453,47.42731665637938
840.1049194335938,643.3807373046875,1211.09423828125,1.684977412223816,29.37033462524414,30.59570667864566
1319.119750976562,534.8538208007812,1144.290405273438,1.677356243133545,76.6605224609375,36.57717440478513
1179.436645507812,838.20361328125,1187.758056640625,1.434075117111206,78.16279602050781,38.58297826558894
1434.972900390625,594.7220458984375,1141.313720703125,1.41272234916687,60.89556121826172,44.71223417769798
749.552734375,619.4391479492188,1038.04052734375,1.046106100082397,30.09176254272461,35.67577923081361
940.7797241210938,1142.88525390625,1279.104858398438,1.682996869087219,72.5868911743164,28.85536546272525
1383.156005859375,795.9151000976562,1095.8623046875,1.524661540985107,98.24181365966797,43.78423006729371
1123.275512695312,1363.277465820312,1242.2236328125,1.578275203704834,84.29493713378906,39.25795273795313
575.1925048828125,1088.083618164062,1110.227172851562,1.629273295402527,97.1904067993164,20.07288496170548
1106.274536132812,488.7305297851561,1083.262817382812,0.8005005717277527,55.28924942016602,32.9516191758884
1052.708984375,887.01806640625,1161.34130859375,0.9837653636932373,32.47824096679688,45.21781374910751
1131.989501953125,1343.971923828125,1306.215698242188,1.48420512676239,35.83292388916016,46.55960146685857
477.7257385253907,1467.095581054688,1022.488647460938,1.145009398460388,61.24952697753906,26.1725762036277
539.82080078125,1293.070068359375,1216.04150390625,1.537426233291626,64.15913391113281,21.86529623723413
1184.760131835938,571.31201171875,1196.250122070312,0.751003623008728,42.61936187744141,41.07669314644382
1110.64697265625,619.490478515625,1207.946533203125,1.228858232498169,62.38259887695312,31.82742300518746
877.9044189453124,787.5567626953125,1326.623901367188,0.9461323618888856,25.61670112609863,33.63124225393123
1142.925048828125,586.9388427734375,1269.55712890625,1.001275777816772,44.56178665161133,34.26325705010006
676.7989501953125,1168.206787109375,1255.6396484375,1.190417289733887,67.00961303710938,27.08738029329773
900.536865234375,1057.571166992188,1123.59130859375,1.528099298477173,89.03915405273438,32.67188878317155
1051.771118164062,1445.858032226562,1007.45849609375,1.95079493522644,34.68907928466797,54.29661471004401
1114.560302734375,606.5519409179688,1274.35888671875,1.284519910812378,54.14552307128906,33.05192702145682
1208.800048828125,1469.71435546875,1089.325927734375,1.603161334991455,25.27426910400391,60.17238187207811
1418.671630859375,847.0846557617188,1009.391235351562,0.7065633535385132,75.37623596191406,57.45941483975376
1220.181396484375,456.6955871582031,1165.880859375,0.9925803542137146,41.01413726806641,38.09476315511579
795.906494140625,1306.514404296875,1104.489379882812,1.395577669143677,48.85400772094727,42.1572677475646
462.4818115234375,1087.707397460938,1262.228881835938,1.802054166793823,12.8475399017334,29.79865586536455
768.0075073242188,794.052978515625,1040.26318359375,1.188385725021362,42.40995788574219,32.95498524260764
1372.762939453125,734.8951416015625,1209.639282226562,1.400651693344116,96.83329010009766,39.13489856844931
716.7858276367188,668.5338745117188,1082.376831054688,1.743973135948181,68.85108947753906,20.65530995923308
455.8107604980469,880.6732177734375,1104.705322265625,0.781552016735077,65.71229553222656,22.67899596501712
694.2767944335938,1175.810913085938,1110.151123046875,1.970747470855713,90.23489379882812,22.77046941047102
810.079345703125,790.5518798828125,1114.712768554688,0.7663944959640503,96.06964874267578,32.84739954414782
828.1310424804688,601.8363037109375,1118.105102539062,0.7395695447921753,44.4650764465332,29.16532720900598
793.8287963867188,1125.026245117188,1023.247436523438,1.987063407897949,11.06756210327148,44.0605507736427
1026.963256835938,654.3412475585938,1275.462280273438,1.930782794952393,42.42427062988281,33.41116737508948
1367.048828125,951.87353515625,1081.507568359375,0.6698571443557739,90.44168853759766,51.5973340571751
852.8211669921875,1170.702514648438,1312.663818359375,0.5104970932006836,39.99127197265625,33.59135816433775
800.2416381835938,718.4678344726562,1311.360595703125,1.029897689819336,48.83487701416016,25.18143862064951
1485.134399414062,1389.928588867188,1164.657104492188,1.567551016807556,97.61245727539062,58.12411659462437
507.2935791015625,1195.515991210938,1322.691650390625,0.6493505835533142,17.51987266540527,24.66148293464072
1436.605834960938,748.1306762695312,1265.117797851562,1.641890525817871,24.63996887207031,44.64161590587582
1482.02197265625,1117.892333984375,1299.033813476562,1.883859634399414,81.1951904296875,43.19340469120453
510.3544921875,1343.996826171875,1296.907348632812,1.25972855091095,32.60005569458008,26.52661468826955
1416.629272460938,514.654296875,1217.655517578125,1.427629470825195,95.92491912841797,38.03072041257994
556.1857299804688,1467.8115234375,1023.938232421875,1.789435148239136,73.94667053222656,27.43682577826194
943.1668090820314,519.9597778320312,1264.465942382812,1.918599128723145,64.32125854492188,24.9634103484097
901.2732543945311,1323.31787109375,1270.037109375,0.562348484992981,53.75620651245118,40.38906024866846
475.2279663085938,1087.11865234375,1211.602783203125,1.057793855667114,29.99665069580078,24.06915718635721
1285.4384765625,527.7225341796875,1218.329956054688,0.8423534035682679,68.48458099365234,39.36365337610771
1098.6611328125,598.6347045898438,1206.10986328125,1.83183741569519,84.84916687011719,30.46295824449513
583.1904907226562,978.569091796875,1065.708618164062,1.592552900314331,63.37899398803712,27.66575988943558
1184.92333984375,1387.882568359375,1268.408081054688,1.009590148925781,11.68964195251465,45.54959578832243
1084.744750976562,771.4086303710938,1312.348876953125,0.7842440605163574,19.27691268920898,36.55409671971701
1371.87841796875,1136.315673828125,1020.508605957031,1.26330041885376,24.61392974853516,59.95661850480354
665.4379272460938,1255.478759765625,1339.220703125,0.6664278507232666,86.79672241210938,29.28259939692236
473.1748046875001,1207.500610351562,1204.374755859375,1.874006748199463,23.19098663330078,25.60377923334485
671.4177856445312,893.8319091796876,1061.25634765625,1.317716121673584,26.96341705322266,32.7960371800058
1018.185668945312,647.4610595703125,1010.492980957031,1.357596278190613,85.17857360839844,33.28239787560749
525.9017944335938,1344.086791992188,1168.053100585938,1.228901028633118,37.46942520141602,31.81847095887169
597.473388671875,634.7936401367188,1005.051818847656,1.69650936126709,81.71841430664062,19.77328329828204
1431.776123046875,1193.63330078125,1070.963012695312,1.09526252746582,78.54130554199219,56.97758512373025
716.13232421875,1079.899658203125,1305.691650390625,0.9114301204681396,36.85378265380859,29.54113079036294
1361.48291015625,594.8204345703125,1163.787109375,1.898776054382324,56.67977142333984,41.75922268432706
726.46484375,1036.942626953125,1230.7109375,0.9793357849121094,34.99211502075195,35.03619877329865
1409.211791992188,1181.107299804688,1138.196044921875,1.244916677474976,21.81256675720215,58.09243974167885
1319.790771484375,1430.74658203125,1043.8720703125,0.7548960447311401,71.410400390625,64.8222036747408
792.2330322265625,1068.427612304688,1182.822143554688,0.6859704256057739,85.86605834960938,32.11894087626091
1158.780517578125,1178.33154296875,1002.262451171875,1.044554591178894,69.23825073242188,52.48257396416012
606.7681274414062,1085.204833984375,1299.84716796875,1.107466220855713,54.67204284667969,25.60933397744623
1253.762939453125,1081.454833984375,1002.58544921875,0.9851855039596559,83.51673889160156,50.22060037356029
641.944580078125,1483.068969726562,1326.217407226562,1.711279153823853,59.18671417236329,26.0933544276512
1221.2998046875,1211.696533203125,1023.762817382812,1.046468257904053,41.47552871704102,60.86119880668085
1173.190063476562,829.9137573242188,1288.983276367188,1.117859601974487,83.6972885131836,37.00437093816117
559.36083984375,1429.567749023438,1102.5791015625,1.935883402824402,57.80434417724609,24.80276775581999
516.4171752929688,1342.337646484375,1101.088989257812,0.6341862678527832,15.32565498352051,30.20528183427917
792.9642333984375,1485.6298828125,1228.960815429688,1.523297548294067,35.85249328613281,40.09015932076829
1150.3466796875,751.332763671875,1291.309936523438,1.653308749198914,20.27849388122559,39.91198483454006
734.7064819335938,1148.857299804688,1267.609497070312,0.7385730147361755,96.08088684082031,29.95100335827058
869.3101806640625,595.9996337890625,1204.983520507812,0.6164745688438416,95.09365844726562,32.25547303020602
607.2874145507812,812.9772949218751,1003.706726074219,0.5234779119491577,49.4693489074707,33.33340391202016
568.9486694335938,589.9484252929688,1343.318359375,1.588127613067627,11.43864059448242,21.53254057910168
1104.634765625,1107.940063476562,1314.45556640625,1.428990244865417,82.61355590820312,35.91413453835214
1128.964721679688,1313.244018554688,1288.36962890625,1.067075729370117,48.89778137207031,45.1980151267481
1064.324584960938,813.7686157226562,1015.7001953125,0.5623525977134705,76.78056335449219,43.82979297449522
503.8804321289062,1340.040771484375,1016.239868164062,1.840491056442261,70.13427734375,21.33268810850437
1065.670043945312,1422.0341796875,1278.560424804688,1.667336940765381,76.06844329833984,36.52597825298523
1369.925659179688,536.5106811523438,1332.066040039062,1.327847242355347,34.40487289428711,41.449474276657
741.8092651367188,787.457275390625,1226.944946289062,1.688886880874634,29.93224716186523,28.24204427071957
1375.13330078125,1387.823974609375,1119.262939453125,0.5467630624771118,80.63691711425781,61.93489242471996
602.4537353515625,807.8723144531249,1016.078430175781,1.103877902030945,46.07817840576172,27.71319592793408
1401.355712890625,481.8643493652344,1089.633911132812,0.8784600496292115,38.68065643310547,46.51793162742626
1312.301147460938,484.1734619140625,1112.115234375,1.339823722839355,53.41576766967773,39.55821208034356
1016.624572753906,1008.047668457031,1173.954467773438,1.068114399909973,25.43163871765137,45.76218180005904
1299.082885742188,1303.107543945312,1014.884216308594,0.563412606716156,31.29909896850586,50.43627829943172
811.6399536132812,592.6416015625,1051.878662109375,1.597462892532349,54.28566360473632,27.17406177279938
747.6968383789062,1427.49951171875,1103.476318359375,0.9325979351997375,35.17411804199219,41.04342536000738
649.0178833007812,1226.38232421875,1037.61669921875,1.593249440193176,45.5808219909668,34.59922662285147
733.0125732421875,951.8117065429686,1177.41064453125,1.329401016235352,35.41175079345703,31.04752051422026
656.3086547851562,1263.619140625,1333.79443359375,0.5603720545768738,44.83646774291992,33.33227976155879
1177.593139648438,743.93115234375,1203.994018554688,1.206150054931641,72.04995727539062,37.19050142337724
464.2648315429688,525.8297119140625,1024.029174804688,1.140432119369507,85.26777648925781,18.15246447368718
929.1760864257812,493.3157348632812,1169.092529296875,1.023228645324707,41.34906768798828,32.2589724118205
756.6135864257812,688.38916015625,1006.16162109375,1.560752630233765,53.64343643188477,30.50393650401122
1183.434692382812,467.5462951660156,1066.801391601562,1.59635591506958,68.1742172241211,35.09235415838234
802.5491333007812,1002.290405273438,1175.300048828125,1.372857570648193,57.14292526245117,33.15042218915116
1458.549072265625,891.7498168945312,1051.534790039062,1.385079622268677,23.82159423828125,61.54715207843607
1000.26025390625,980.5980834960938,1201.9912109375,1.640141606330872,86.47200775146484,30.85882129107488
1403.441284179688,536.917724609375,1044.538208007812,0.9075046181678772,15.84888935089111,48.29598748255994
1433.18505859375,668.3165893554688,1149.12890625,0.9753097891807555,23.45624542236328,46.82425815932003
1494.824340820312,1438.675537109375,1110.54296875,1.666513800621033,89.70816802978516,59.07846192228818
771.3739624023438,750.143310546875,1301.593383789062,1.751544952392578,31.02076148986816,26.65527138387301
1347.6357421875,1164.6376953125,1164.901000976562,1.865209579467773,53.98649978637695,51.11541639815856
833.4951171875,1224.64599609375,1056.81396484375,0.5546720027923584,66.9973373413086,41.19748347049118
994.0789794921875,732.08544921875,1311.814086914062,1.203953742980957,99.0755615234375,32.23791248396861
520.1749267578125,1187.729736328125,1125.772338867188,0.9878315925598146,81.95357513427734,24.29145256162458
870.9850463867188,972.9231567382814,1176.540405273438,1.82510244846344,20.29582023620605,39.25026163790685
1346.4990234375,1076.434204101562,1130.982421875,1.168877363204956,56.92630767822266,52.59735174469644
1357.876220703125,505.50439453125,1084.593872070312,1.811217188835144,51.59760665893555,41.65971272449946
1472.8330078125,1354.194946289062,1265.090942382812,1.080779790878296,92.23021697998047,56.32410306845338
557.1424560546875,959.9010009765625,1190.380615234375,0.6057443022727966,97.79629516601562,21.97236309263873
1143.973510742188,1081.572265625,1016.186584472656,1.299562931060791,11.33663082122803,55.00269312808949
1380.845703125,1360.2109375,1273.403564453125,0.8182610869407654,70.93455505371094,56.25196303635447
1186.235473632812,981.5869140625001,1014.344787597656,1.074956893920898,57.86112213134766,50.15482633094601
1254.218139648438,458.7327270507812,1172.7841796875,1.69566535949707,68.09008026123047,35.14493360826877
1344.0576171875,1005.852600097656,1230.142333984375,0.8761056065559387,27.21000862121582,50.78001993107768
545.9010620117188,598.696044921875,1112.313354492188,0.5480346083641052,58.19443511962892,21.50154860082957
1037.098388671875,702.793701171875,1331.787841796875,1.702525496482849,18.72466850280762,35.49277011853167
480.6412963867188,905.8201904296874,1038.217407226562,1.191129684448242,19.14457321166992,30.40082605341453
1471.010009765625,991.1741943359376,1137.681640625,1.177030801773071,61.18032455444335,53.79502773962929
467.4598083496094,1498.39794921875,1145.3369140625,0.6985258460044861,93.11514282226562,26.59748995774402
527.1780395507812,934.581787109375,1251.499755859375,0.8372969031333922,28.12279510498047,26.31350153911625
597.6226806640625,788.8803100585938,1150.82373046875,0.789814293384552,57.88108062744142,25.8735966028495
1039.671997070312,847.6121215820311,1106.150024414062,0.8353185057640076,71.14292907714844,43.18729095574403
779.677001953125,980.3400878906251,1269.3525390625,1.83089816570282,46.18823623657227,24.41577461208177
772.0267333984375,1334.243896484375,1030.713256835938,1.257739424705505,39.54716110229492,43.63513940357407
906.4217529296876,1477.555053710938,1030.800048828125,1.32940936088562,59.53342819213867,46.40697109192084
701.1154174804688,730.0527954101562,1136.865356445312,1.574473857879639,17.40326118469238,33.78346496373228
898.5520629882811,1097.891845703125,1056.5419921875,1.616150498390198,15.03384113311768,46.27638590962783
534.2915649414062,824.336669921875,1077.574584960938,1.83478307723999,76.64578247070312,20.82493466297608
1440.099243164062,553.9618530273438,1228.0400390625,0.7140136361122131,16.02634429931641,31.62104015433857
1348.85791015625,761.3159790039062,1343.575805664062,0.7147364020347595,77.75426483154297,43.1272005103517
1257.85546875,931.8553466796875,1098.97314453125,0.6491036415100098,56.11141967773439,51.47278967027067
1058.539794921875,507.5052490234375,1128.683715820312,1.18962562084198,90.71121978759766,34.69479855548577
481.7315368652344,1368.52880859375,1185.9716796875,1.364383220672607,21.74526405334473,28.16234062415082
695.3369750976562,1444.79833984375,1173.048095703125,0.5438830852508545,54.28909683227538,40.12080988400749
649.8002319335938,1040.137329101562,1344.961059570312,1.323237419128418,50.44611358642578,25.67963067066771
1009.693176269531,1458.25,1307.133422851562,1.528606057167053,86.0638427734375,35.21098469450333
702.9927368164062,1307.141967773438,1136.721313476562,1.286848545074463,99.48131561279297,30.92349089196342
1163.696166992188,904.179443359375,1235.959228515625,1.446665287017822,37.22290802001953,41.50860593550568
1359.150634765625,964.2942504882812,1230.43701171875,1.615554809570312,26.46054458618164,53.8612731349173
1336.31103515625,794.989013671875,1123.264404296875,1.959619879722595,75.8132553100586,43.98284083374698
887.2963256835938,1105.805541992188,1095.452026367188,1.489315271377563,11.76844501495361,47.36389044698612
1222.16064453125,717.6102905273438,1039.2080078125,0.9018415808677673,40.07720947265625,48.82063195936381
499.1933288574219,580.0160522460938,1172.424194335938,1.723028898239136,40.39313888549805,15.61572328938446
643.60595703125,566.05126953125,1199.484008789062,1.358922362327576,72.0927505493164,18.98224206313767
583.25537109375,1180.470703125,1174.980224609375,0.8058379888534546,73.1466064453125,30.38261287165388
869.0102539062501,1103.6767578125,1270.356323242188,1.206422567367554,99.17097473144531,31.22152336893325
1276.610961914062,859.8582153320314,1296.898681640625,1.110479354858398,24.08729362487793,48.22222062595354
1163.06884765625,814.1104125976562,1143.002319335938,0.7082406282424927,82.98944854736328,41.86234011819936
461.3771667480469,756.4984130859375,1175.861083984375,1.872764229774475,95.15097045898438,9.170835121630164
697.7911987304688,944.6198120117188,1108.8662109375,1.105414628982544,39.04224014282227,34.97193534479958
1453.927124023438,649.0812377929688,1140.035034179688,1.76494288444519,56.16646957397461,43.67066002541
480.6531982421875,1049.4443359375,1181.819213867188,0.8573088645935059,49.42911529541016,27.4852406155002
1049.996948242188,551.7451171875,1030.070434570312,1.39916205406189,22.11140823364258,42.21983444389453
1299.927001953125,1409.568725585938,1063.3857421875,1.399646520614624,15.58272838592529,65.00718522204474
1206.271362304688,1119.767822265625,1279.318115234375,0.6483626365661621,66.41693115234375,46.29378358645342
720.9921264648438,960.017578125,1190.070068359375,1.375813007354736,43.91174697875977,30.55398719093522
1198.128051757812,673.5571899414062,1324.725219726562,0.8197477459907532,89.6477279663086,37.1687853243139
1236.169067382812,1184.030883789062,1314.34619140625,1.193737506866455,45.5407600402832,46.70053537458236
576.4944458007812,1095.355102539062,1148.775756835938,1.850519061088562,77.13624572753906,24.30183368991423
1259.590698242188,1276.900512695312,1271.567504882812,1.595312595367432,67.39572143554688,42.77010772370664
887.8344116210938,1244.414184570312,1092.102661132812,0.7751978635787964,40.88777160644531,44.38573033014323
1344.342041015625,1129.72705078125,1053.943481445312,0.8858886957168579,76.9913330078125,53.98029125777935
1054.311645507812,769.12890625,1009.4345703125,1.040064573287964,67.89447021484375,40.31607941272207
998.3746948242188,948.1655883789064,1006.2041015625,1.317203640937805,29.53964614868164,41.909181026993
677.7814331054688,878.4898681640625,1179.968139648438,1.382852792739868,10.63601589202881,32.14907393249659
1082.039916992188,982.9644165039064,1338.953491210938,1.202255010604858,43.08626174926758,37.72520320966962
917.3983764648436,716.7709350585938,1224.582641601562,0.9085766077041625,88.96764373779297,30.63221535198409
629.6336059570312,1207.029052734375,1296.008422851562,0.9879846572875977,42.60330200195312,31.75278408877545
1204.990112304688,1055.260986328125,1323.572875976562,1.955355882644653,78.2361068725586,33.24641211478212
1172.607788085938,1438.345581054688,1251.18701171875,1.981191277503967,10.10311508178711,56.61733871013752
1425.460693359375,514.1079711914062,1107.385864257812,1.745630502700806,14.99951934814453,51.62250127476664
786.2675170898438,657.216552734375,1240.756469726562,1.190172433853149,12.06810092926025,30.96685073802388
705.0983276367188,1054.818481445312,1213.32763671875,0.9726932048797607,54.78938293457031,34.8165166753906
587.8026123046875,1193.895141601562,1263.990112304688,1.61367928981781,90.44263458251953,18.76695939652522
768.2174682617188,983.56298828125,1259.15576171875,1.585469245910645,73.9847640991211,29.74000083975426
840.7170410156249,1298.88134765625,1002.040588378906,0.9503691792488098,56.39161682128906,48.2478039308881
1160.13720703125,504.2333068847657,1021.763061523438,1.325037121772766,90.00413513183594,33.77597262118961
1474.378662109375,829.1607055664062,1007.15283203125,0.8840667605400085,27.42251396179199,59.0901455189106
718.4371948242188,1071.085083007812,1313.014892578125,0.7236472368240356,24.86355781555176,35.51584599473004
782.3643798828125,1235.589233398438,1298.464477539062,1.907587170600891,83.24943542480469,24.45069200851679
1172.38134765625,580.3583984375,1140.109985351562,1.548488140106201,78.54950714111328,35.1224075598919
573.7376708984375,752.239990234375,1232.312377929688,0.5962415933609009,82.66578674316406,25.98039024891963
775.1008911132812,749.0377807617188,1292.403564453125,1.08752429485321,99.43534851074219,22.23036182613748
1031.553588867188,1150.163452148438,1187.574951171875,1.740009903907776,34.01333618164062,43.16798868505252
1279.626831054688,1412.310668945312,1291.6533203125,0.5214510560035706,48.69310760498047,48.26929132414012
672.844482421875,1017.166198730469,1337.964477539062,0.5921090245246887,12.01334095001221,18.64157258979092
1166.641967773438,493.8622436523439,1111.381469726562,1.348381042480469,48.06387329101562,37.43309613184454
1294.521362304688,1043.949462890625,1295.051635742188,1.639857053756714,32.08644485473633,48.17757948543273
1146.049926757812,1034.490600585938,1021.438659667969,0.6161024570465088,40.75548553466797,52.47429111824413
1121.035278320312,1182.66357421875,1248.809692382812,1.814320802688599,20.95818710327148,45.36562768018156
817.7135620117188,1242.3369140625,1324.13916015625,1.287406802177429,30.0311336517334,35.0246583699542
736.5960693359375,1301.2490234375,1037.486694335938,1.282442092895508,10.36890029907227,43.63991621443787
1210.47216796875,628.871826171875,1044.794555664062,0.9796127676963806,32.27875900268555,45.74054546504377
847.6439208984376,641.8365478515625,1227.523193359375,1.95988917350769,49.28485488891602,25.98567195341658
1035.47509765625,1193.497680664062,1133.256713867188,0.7946703433990479,19.1931209564209,43.82076900404427
1332.933715820312,1404.455200195312,1120.709228515625,1.041803598403931,65.23896026611328,56.73952444286742
1374.37939453125,525.2381591796875,1013.388793945312,1.886469602584839,49.21850967407227,42.11248261736002
562.393310546875,730.9159545898438,1308.535034179688,0.7287477254867554,63.23351287841796,22.77970955792391
1431.512573242188,781.0751342773438,1144.442504882812,0.6053491234779358,95.33721923828125,49.82513680466782
1124.933349609375,716.7360229492188,1221.761596679688,1.311384916305542,68.4920883178711,33.16401143379493
1059.830078125,772.6652221679688,1092.3115234375,1.781653642654419,85.02821350097656,34.10568003425448
1211.712646484375,1003.933715820312,1303.905151367188,0.6286972165107727,43.33088684082031,47.27663653811055
1157.38525390625,958.07080078125,1302.440551757812,0.9964625835418701,77.10428619384766,37.7959156475851
1467.922241210938,1447.98583984375,1053.203735351562,1.003182649612427,45.62376022338867,70.86968573183258
477.1033935546875,1114.001831054688,1256.527099609375,1.416659593582153,33.46025085449219,23.45540858713764
1085.226684570312,1360.631469726562,1070.763916015625,1.372795462608337,44.70408248901367,52.29354451929348
936.6409912109375,930.5225830078125,1130.019775390625,1.65649938583374,65.85116577148438,34.19009617881898
889.843017578125,1320.280639648438,1169.556274414062,1.457147359848022,18.08455276489258,49.01268733494018
1102.024536132812,524.4013061523438,1030.911743164062,1.490042448043823,73.88736724853516,35.9542807184734
733.9342041015625,1068.991455078125,1199.597290039062,1.214849829673767,41.84631729125977,31.06294551364309
1096.86669921875,609.3194580078125,1338.408813476562,1.981177806854248,89.5609359741211,24.46543108528945
